Selected,Content,Date,Language,Location,Number of Likes,Number of Retweets,In Reply To,Author Name,Author Description,Author Statuses Count,Author Favourites Count,Author Friends Count,Author Followers Count,Author Listed Count,Author Verified,Longitude,Latitude,Author
No,"@APaoFernandez @bciudadresponde Â¡Hola! PodÃ©s contactarnos online de Lunes a Viernes, en dÃ­as hÃ¡biles, de 08 a 20 horas para ayudarte.
RecordÃ¡ que nunca te pediremos tus claves, ni te contactaremos espontÃ¡neamente por redes sociales o WhatsApp. #protegetuinformacion",2022-12-06 01:14:33,es,,0.0,0.0,@APaoFernandez,Banco Ciudad,Escribinos por Mensaje Directo y empezÃ¡ la conversaciÃ³n con nuestro asistente virtual. PodÃ©s hablar con una persona del equipo de L a V de 8 a 20 horas.,9050.0,1168.0,12.0,82645.0,182.0,True,,,@BancoCiudad
No,"@BancoCiudad @bciudadresponde quisiera que por favor me den mi Libre deuda y solucionen esta peticiÃ³n que vengo haciendo hace mÃ¡s de DOS MESES por todos los medios y no recibo respuesta. SI!! Ya hice todo lo que me indicaron, solo quiero una soluciÃ³n URGENTE",2022-12-06 01:14:30,es,,0.0,0.0,@BancoCiudad,Pao ğŸ‡¦ğŸ‡· ğŸ‡®ğŸ‡ªâ˜˜ï¸,"â€œViajar- Primero te deja sin palabras y luego te convierte en un narrador.""   ""Travel- First it leaves you speechless and then it turns you into a storyteller.""",2346.0,13732.0,203.0,226.0,0.0,False,,,@APaoFernandez
No,@BancoCiudad Son una mierda,2022-12-05 21:22:27,es,,0.0,0.0,@BancoCiudad,Î§ris,"Nieta de la bruja que no pudiste quemar  *cualquier camino que tenga corazÃ³n* 
DigitalizaciÃ³n del ğŸ’µ = esclavitud 

Î£Ï„Î¿ Î¼Î¿Î½Î¿Ï€Î¬Ï„Î¹ Ï„Î·Ï‚ Î±Î»Î®Î¸ÎµÎ¹Î±Ï‚
Î¤ÎµÏÏˆÎ¹Ï‡ÏŒÏÎ±",22990.0,24975.0,911.0,873.0,9.0,False,,,@EspartaOk
No,"@EspartaOk Hola, iniciÃ¡ tu consulta con Bit del Ciudad por mensaje privado y hablÃ¡ con nuestro equipo de lun a vier de 8 a 20 h.
TambiÃ©n nos encontrÃ¡s en https://t.co/eahZpAMnum o en nuestro WhatsApp verificado: https://t.co/BtlCVKnA6G.",2022-12-05 21:00:52,es,,0.0,0.0,@EspartaOk,Banco Ciudad,Escribinos por Mensaje Directo y empezÃ¡ la conversaciÃ³n con nuestro asistente virtual. PodÃ©s hablar con una persona del equipo de L a V de 8 a 20 horas.,9050.0,1168.0,12.0,82645.0,182.0,True,,,@BancoCiudad
No,"@BancoCiudad AsÃ­ tratan a sus clientes, con bots.
Es un banco estatal, en lugar de gestionarlo para hacer la diferencia, lo hacen tan mal que generan huida en estampida de clientes y eso genera un daÃ±o a todos los porteÃ±os.
El directorio actual es una verdadera vergÃ¼enza",2022-12-05 20:38:11,es,,0.0,0.0,@BancoCiudad,Î§ris,"Nieta de la bruja que no pudiste quemar  *cualquier camino que tenga corazÃ³n* 
DigitalizaciÃ³n del ğŸ’µ = esclavitud 

Î£Ï„Î¿ Î¼Î¿Î½Î¿Ï€Î¬Ï„Î¹ Ï„Î·Ï‚ Î±Î»Î®Î¸ÎµÎ¹Î±Ï‚
Î¤ÎµÏÏˆÎ¹Ï‡ÏŒÏÎ±",22990.0,24975.0,911.0,873.0,9.0,False,,,@EspartaOk
No,"@eeee1105 Hola, iniciÃ¡ tu consulta con Bit del Ciudad por mensaje privado y hablÃ¡ con nuestro equipo de lun a vier de 8 a 20 h.
TambiÃ©n nos encontrÃ¡s en https://t.co/eahZpAMnum o en nuestro WhatsApp verificado: https://t.co/BtlCVKnA6G.",2022-12-05 20:21:09,es,,0.0,0.0,@eeee1105,Banco Ciudad,Escribinos por Mensaje Directo y empezÃ¡ la conversaciÃ³n con nuestro asistente virtual. PodÃ©s hablar con una persona del equipo de L a V de 8 a 20 horas.,9050.0,1168.0,12.0,82645.0,182.0,True,,,@BancoCiudad
No,"@BancoCiudad siendo las 14:50 por algÃºn motivo que desconozco no pude depositar $50 mil en la mÃ¡quina del banco. Saque nÃºmero para hacerlo por caja, pero el tarado del cajero se negÃ³ a tomarme el depÃ³sito. Solo debo hacerlo por la mÃ¡quina.",2022-12-05 20:19:38,es,,1.0,0.0,@BancoCiudad,Adolfo,Un ciudadano con deseos de vivir en una sociedad donde la ilibertad individual y la justicia sean sus pricipales cualidades,639.0,193.0,75.0,22.0,0.0,False,,,@eeee1105
No,"@ArgTp Hola, iniciÃ¡ tu consulta con Bit del Ciudad por mensaje privado y hablÃ¡ con nuestro equipo de lun a vier de 8 a 20 h.
TambiÃ©n nos encontrÃ¡s en https://t.co/eahZpAMnum o en nuestro WhatsApp verificado: https://t.co/BtlCVKnA6G.",2022-12-05 19:21:12,es,,0.0,0.0,@ArgTp,Banco Ciudad,Escribinos por Mensaje Directo y empezÃ¡ la conversaciÃ³n con nuestro asistente virtual. PodÃ©s hablar con una persona del equipo de L a V de 8 a 20 horas.,9050.0,1168.0,12.0,82645.0,182.0,True,,,@BancoCiudad
No,@BancoCiudad https://t.co/srbRzyJupG,2022-12-05 19:19:45,und,,0.0,0.0,@BancoCiudad,Noe Ovi,,4362.0,42894.0,1309.0,1138.0,0.0,False,,,@ArgTp
No,@soylasoberano @BancoCiudad Genial! ğŸ™ŒğŸ»,2022-12-05 19:19:24,en,,1.0,0.0,@soylasoberano,Hugo Trusso,"Community Manager ğŸ“±

Tripulante de Cabina âœˆï¸

Militante Peronista ğŸ‡¦ğŸ‡·",82371.0,66773.0,1078.0,2224.0,113.0,False,,,@HugoTrusso
No,"@ArgTp Hola, iniciÃ¡ tu consulta con Bit del Ciudad por mensaje privado y hablÃ¡ con nuestro equipo de lun a vier de 8 a 20 h.
TambiÃ©n nos encontrÃ¡s en https://t.co/eahZpAMnum o en nuestro WhatsApp verificado: https://t.co/BtlCVKnA6G.",2022-12-05 19:15:19,es,,0.0,0.0,@ArgTp,Banco Ciudad,Escribinos por Mensaje Directo y empezÃ¡ la conversaciÃ³n con nuestro asistente virtual. PodÃ©s hablar con una persona del equipo de L a V de 8 a 20 horas.,9050.0,1168.0,12.0,82645.0,182.0,True,,,@BancoCiudad
No,"@BancoCiudad q mierda q sonatendiendo a las gente. Una acaba de cortarme la llamada y me decÃ­a q se entrecortaba llamada y yo escuchaba como el hijo gritaba y puso mÃºsica de niÃ±os fuerte, le dije parte lo q me pasa q estoy con madre accidentada y no puedo ir al bco me corto",2022-12-05 19:14:13,es,,0.0,0.0,@BancoCiudad,Noe Ovi,,4362.0,42894.0,1309.0,1138.0,0.0,False,,,@ArgTp
No,"@EspartaOk Hola, iniciÃ¡ tu consulta con Bit del Ciudad por mensaje privado y hablÃ¡ con nuestro equipo de lun a vier de 8 a 20 h.
TambiÃ©n nos encontrÃ¡s en https://t.co/eahZpAMnum o en nuestro WhatsApp verificado: https://t.co/BtlCVKnA6G.",2022-12-05 18:34:03,es,,0.0,0.0,@EspartaOk,Banco Ciudad,Escribinos por Mensaje Directo y empezÃ¡ la conversaciÃ³n con nuestro asistente virtual. PodÃ©s hablar con una persona del equipo de L a V de 8 a 20 horas.,9050.0,1168.0,12.0,82645.0,182.0,True,,,@BancoCiudad
No,"@HugoTrusso @BancoCiudad Gracias, ya pudimos solucionar el tema",2022-12-05 18:16:37,es,,1.0,0.0,@HugoTrusso,Marcela Soberano,"Periodista.Escribo en revistas pero me deprime chapear en la bio. 
Cine,series, cultura pop, entrevistas.
 âœ EPU / Revista Noticias
  ğŸ™@anticritica_

Leeme ğŸ‘‡",85528.0,23092.0,5683.0,13723.0,93.0,False,,,@soylasoberano
No,"@soylasoberano @BancoCiudad Tengo un mail para vos de una funcionaria. 
Te hablo por privado.",2022-12-05 18:14:41,es,,1.0,0.0,@soylasoberano,Hugo Trusso,"Community Manager ğŸ“±

Tripulante de Cabina âœˆï¸

Militante Peronista ğŸ‡¦ğŸ‡·",82371.0,66773.0,1078.0,2224.0,113.0,False,,,@HugoTrusso
No,"Este es el cartel con el que no le dejaban entrar HOY al @BancoCiudad en LanÃºs a quien no tuviese el pase y, por otro lado, su derogaciÃ³n. Â¿Acaso esto no es violar la ley? https://t.co/zB8G3suYtV",2022-12-05 18:06:28,es,,0.0,0.0,,Jonathan,"-A los hechos no les importan tus sentimientos- @benshapiro
https://t.co/gYNZlgJwRi",11916.0,20389.0,495.0,301.0,1.0,False,,,@jonathanstrudel
No,"Escuchame @BancoCiudad
 llamo  al 0800 porque perdÃ­ la tarjeta de dÃ©bito y una mÃ¡quina me dice que no soy cliente del banco y no puedo dar de baja la tarjeta. Re seguro operar con uds.
Â¿CÃ³mo hacen para hacer que nada funcione nunca?
@bciudadresponde",2022-12-05 17:50:11,es,,1.0,0.0,,Î§ris,"Nieta de la bruja que no pudiste quemar  *cualquier camino que tenga corazÃ³n* 
DigitalizaciÃ³n del ğŸ’µ = esclavitud 

Î£Ï„Î¿ Î¼Î¿Î½Î¿Ï€Î¬Ï„Î¹ Ï„Î·Ï‚ Î±Î»Î®Î¸ÎµÎ¹Î±Ï‚
Î¤ÎµÏÏˆÎ¹Ï‡ÏŒÏÎ±",22990.0,24975.0,911.0,873.0,9.0,False,,,@EspartaOk
No,"@sinonimo_jmuno1 Hola, iniciÃ¡ tu consulta con Bit del Ciudad por mensaje privado y hablÃ¡ con nuestro equipo de lun a vier de 8 a 20 h.
TambiÃ©n nos encontrÃ¡s en https://t.co/eahZpAMnum o en nuestro WhatsApp verificado: https://t.co/BtlCVKnA6G",2022-12-05 15:50:56,es,,0.0,0.0,@sinonimo_jmuno1,Banco Ciudad,Escribinos por Mensaje Directo y empezÃ¡ la conversaciÃ³n con nuestro asistente virtual. PodÃ©s hablar con una persona del equipo de L a V de 8 a 20 horas.,9050.0,1168.0,12.0,82645.0,182.0,True,,,@BancoCiudad
No,@BancoCiudad habra posibilidad de q alguien conteste? Son un desastre. Me psan de un telefono a otro. La idea es q no te puedas comunicar!,2022-12-05 15:19:27,es,,2.0,0.0,@BancoCiudad,Sinonimo,"Banda de rock argentina, con raÃ­ces porteÃ±as, formada en la ciudad de Buenos Aires (Villa urquiza), a fines de abril del 2015.",639.0,233.0,169.0,62.0,0.0,False,,,@sinonimo_jmuno1
No,"@soylasoberano Hola, iniciÃ¡ tu consulta con Bit del Ciudad por mensaje privado y hablÃ¡ con nuestro equipo de lun a vier de 8 a 20 h.
TambiÃ©n nos encontrÃ¡s en https://t.co/eahZpAMnum o en nuestro WhatsApp verificado: https://t.co/BtlCVKnA6G",2022-12-05 14:53:09,es,,0.0,0.0,@soylasoberano,Banco Ciudad,Escribinos por Mensaje Directo y empezÃ¡ la conversaciÃ³n con nuestro asistente virtual. PodÃ©s hablar con una persona del equipo de L a V de 8 a 20 horas.,9050.0,1168.0,12.0,82645.0,182.0,True,,,@BancoCiudad
No,"@SilvinaMichel Hola, iniciÃ¡ tu consulta con Bit del Ciudad por mensaje privado y hablÃ¡ con nuestro equipo de lun a vier de 8 a 20 h.
TambiÃ©n nos encontrÃ¡s en https://t.co/eahZpAMnum o en nuestro WhatsApp verificado: https://t.co/BtlCVKnA6G.",2022-12-05 14:28:15,es,,0.0,0.0,@SilvinaMichel,Banco Ciudad,Escribinos por Mensaje Directo y empezÃ¡ la conversaciÃ³n con nuestro asistente virtual. PodÃ©s hablar con una persona del equipo de L a V de 8 a 20 horas.,9050.0,1168.0,12.0,82645.0,182.0,True,,,@BancoCiudad
No,"@BancoCiudad necesito hablar urgentemente con un representante , no con el asistente virtual . Muchas gracias.",2022-12-05 14:27:59,es,,1.0,0.0,@BancoCiudad,Marcela Soberano,"Periodista.Escribo en revistas pero me deprime chapear en la bio. 
Cine,series, cultura pop, entrevistas.
 âœ EPU / Revista Noticias
  ğŸ™@anticritica_

Leeme ğŸ‘‡",85528.0,23092.0,5683.0,13723.0,93.0,False,,,@soylasoberano
No,"@Juan_Pablo_Mons Hola, iniciÃ¡ tu consulta con Bit del Ciudad por mensaje privado y hablÃ¡ con nuestro equipo de lun a vier de 8 a 20 h.
TambiÃ©n nos encontrÃ¡s en https://t.co/eahZpAMnum o en nuestro WhatsApp verificado: https://t.co/BtlCVKnA6G.",2022-12-05 14:27:38,es,,0.0,0.0,@Juan_Pablo_Mons,Banco Ciudad,Escribinos por Mensaje Directo y empezÃ¡ la conversaciÃ³n con nuestro asistente virtual. PodÃ©s hablar con una persona del equipo de L a V de 8 a 20 horas.,9050.0,1168.0,12.0,82645.0,182.0,True,,,@BancoCiudad
No,"@SilvinaMichel Por seguridad, unificamos nuestra atenciÃ³n en @bancociudad. 
Escribinos por privado y empezÃ¡ la conversaciÃ³n con el Chatbot.
PodÃ©s chatear con una persona del equipo de lunes a viernes de 8 a 20 horas.
NuncaÂ compartas tus claves, son privadas.",2022-12-05 14:27:29,es,,0.0,0.0,@SilvinaMichel,Banco Ciudad,"Para cuidar tu seguridad, unificamos nuestra cuenta en @bancociudad.
Escribinos por privado.
PodÃ©s hablar con una persona del equipo de L a V de 8 a 20 horas.",85125.0,12938.0,8144.0,36709.0,26.0,True,,,@bciudadresponde
No,En @PersonalAr dieron la baja en tiempo y forma. Hoy en @BancoCiudad me cobraron el doble de lo habitual por dÃ©bito. Pido a @VisaArgentina que me cancelen ese dÃ©bito  y dicen que solo @PersonalAr puede hacerlo.,2022-12-05 14:17:50,es,,0.0,0.0,@fernandorodeles,Fernando Rodeles,ComunicaciÃ³n (UBA). Coach (ICF). Realizador Int de Radio (ETER). Creo en el poder de la palabra. Realidad=Hechos +InterpretaciÃ³n.Guerrero con lÃ¡grimas.,9446.0,3494.0,2482.0,1381.0,20.0,False,,,@fernandorodeles
No,@BancoCiudad desde cuando retomaron pedir pase sanitario? Por quÃ©? Todos los empleados adentro estÃ¡n con barbijo?,2022-12-05 13:59:56,es,,0.0,0.0,@BancoCiudad,Juanpi xy,"entre 30 y 40, del conurbano, estudiante eterno, docente y Militante",1227.0,1133.0,802.0,153.0,0.0,False,,,@Juan_Pablo_Mons
No,@IgnisFinancials @MoodysLatAm @el_BID @BancoMundial @BancoMundialLAC @BancoCiudad @BcoHipotecario @BancoCentral_AR @Santander_Ar @HSBC_AR @bbva @bullmarketbrok @RAMIROMARRA @MScaglioneOCDE https://t.co/ZOU9SevDaI,2022-12-05 13:45:48,und,,0.0,0.0,@IgnisFinancials,SRSur Agencia de Noticias,"Agencia de noticias especializada. Consultores de Negocios y ComunicaciÃ³n EstratÃ©gica.
#MinerÃ­a #EnergÃ­a #Commodities #Negocios #Finanzas",1484.0,334.0,471.0,163.0,1.0,False,,,@SRSur_Agency
No,Comprando Lunes en @Coto_Ar con credito @BancoCiudad tenÃ©s un 20% con tope de $2000 por operaciÃ³n y 20% con @ICBCArgentina con tope de $1500. Ademas en @changomas3 #masonline 20% con tope de $1500 con @ICBCArgentina,2022-12-05 12:56:17,es,,0.0,0.0,,Ahorro Twit,AcÃ¡ vas a encontrar las novedades de los descuentos de todos los dÃ­as y recomendaciones para ahorrar al mÃ¡ximo! ahorrotwit@gmail.com,8918.0,83.0,59.0,3067.0,7.0,False,,,@ahorrotwit
No,"Hoy Lunes en #farmacias con @BancoCiudad 30% con dÃ©bito para jubilados con tope de $1500 y solo en @Farmacity #Farmaplus y #FarmaLife con dÃ©bito del @BcoHipotecario 15% tope $500, 20% tope $1000 #pack y 25% tope $1500 #buho",2022-12-05 12:55:16,es,,0.0,0.0,,Ahorro Twit,AcÃ¡ vas a encontrar las novedades de los descuentos de todos los dÃ­as y recomendaciones para ahorrar al mÃ¡ximo! ahorrotwit@gmail.com,8918.0,83.0,59.0,3067.0,7.0,False,,,@ahorrotwit
No,"@cnterempresa Hola, iniciÃ¡ tu consulta con Bit del Ciudad por mensaje privado y hablÃ¡ con nuestro equipo de lun a vier de 8 a 20 h.
TambiÃ©n nos encontrÃ¡s en https://t.co/eahZpAMnum o en nuestro WhatsApp verificado: https://t.co/BtlCVKnA6G.",2022-12-05 12:52:36,es,,0.0,0.0,@cnterempresa,Banco Ciudad,Escribinos por Mensaje Directo y empezÃ¡ la conversaciÃ³n con nuestro asistente virtual. PodÃ©s hablar con una persona del equipo de L a V de 8 a 20 horas.,9050.0,1168.0,12.0,82645.0,182.0,True,,,@BancoCiudad
No,"@BancoCiudad hola buenos dÃ­as, el pasado 27/11 cargue nafta en axxion,tengo entendido q los domingos cargando combustible tenemos una bonificacion del 10% y.pagando con modo un 5 % adicional lo cual no tengo acreditado al momento podrÃ­an informarme al respecto gracias Carlos Ali",2022-12-05 12:35:09,es,,0.0,0.0,@BancoCiudad,CN TER EMPRESA,"Venta y colocaciÃ³n de pisos vinilicos SPC 
Pulido plastificado de pisos",876.0,156.0,430.0,59.0,0.0,False,,,@cnterempresa
No,"@MascariniMarce Hola, iniciÃ¡ tu consulta con Bit del Ciudad por mensaje privado y hablÃ¡ con nuestro equipo de lun a vier de 8 a 20 h.
TambiÃ©n nos encontrÃ¡s en https://t.co/eahZpAMnum o en nuestro WhatsApp verificado: https://t.co/BtlCVKnA6G.",2022-12-05 12:02:10,es,,0.0,0.0,@MascariniMarce,Banco Ciudad,Escribinos por Mensaje Directo y empezÃ¡ la conversaciÃ³n con nuestro asistente virtual. PodÃ©s hablar con una persona del equipo de L a V de 8 a 20 horas.,9050.0,1168.0,12.0,82645.0,182.0,True,,,@BancoCiudad
No,"@MascariniMarce Hola, iniciÃ¡ tu consulta con Bit del Ciudad por mensaje privado y hablÃ¡ con nuestro equipo de lun a vier de 8 a 20 h.
TambiÃ©n nos encontrÃ¡s en https://t.co/jfLlPLiYLg o en nuestro WhatsApp verificado: https://t.co/waGSQVdtlK",2022-12-05 11:57:51,es,,0.0,0.0,@MascariniMarce,Banco Ciudad,"Para cuidar tu seguridad, unificamos nuestra cuenta en @bancociudad.
Escribinos por privado.
PodÃ©s hablar con una persona del equipo de L a V de 8 a 20 horas.",85125.0,12938.0,8144.0,36709.0,26.0,True,,,@bciudadresponde
No,@BancoCiudad les mande un dm,2022-12-05 11:30:14,fr,,0.0,0.0,@BancoCiudad,ğŸš†ğŸš‡ğ— ğ—®ğ—¿ğ—°ğ—²ğ—¹ğ—¼ ğ— ğ—®ğ˜€ğ—°ğ—®ğ—¿ğ—¶ğ—»ğ—¶,"Programador

ğŸš†Especializado en Transporte Ferroviario

ğŸ“°ğ—œğ—»ğ—³ğ—¼ğ—¿ğ—ºğ—®ğ—°ğ—¶Ã³ğ—» ğ—±ğ—² ğ—¹ğ—¼ğ˜€ ğ—™ğ—²ğ—¿ğ—¿ğ—¼ğ—°ğ—®ğ—¿ğ—¿ğ—¶ğ—¹ğ—²ğ˜€: @EsperandoVia

ğ—œğ—š: MascariniMarce",156878.0,5407.0,4678.0,8581.0,90.0,False,,,@MascariniMarce
No,"@golfieri_rosa Â¡Hola! PodÃ©s contactarnos online de Lunes a Viernes, en dÃ­as hÃ¡biles, de 08 a 20 horas para ayudarte.
RecordÃ¡ que nunca te pediremos tus claves, ni te contactaremos espontÃ¡neamente por redes sociales o WhatsApp. #protegetuinformacion",2022-12-05 00:04:32,es,,0.0,0.0,@golfieri_rosa,Banco Ciudad,Escribinos por Mensaje Directo y empezÃ¡ la conversaciÃ³n con nuestro asistente virtual. PodÃ©s hablar con una persona del equipo de L a V de 8 a 20 horas.,9050.0,1168.0,12.0,82645.0,182.0,True,,,@BancoCiudad
No,"@Rosau2022 @BancoGalicia Me pasÃ³ hace poco en #BancoCiudad de Av Las Heras,fui a la noche ,el olor a meo, bosta era nauseabundo. Si o si tenÃ­a q depositar,lo hice con la nariz tapada, a la media cuadra empecÃ© a vomitar y me descompuse.",2022-12-04 18:30:31,es,,1.0,0.0,@Rosau2022,Katylandia,Directora de FundaciÃ³n: Todos x Katy.  Valores y Principios inflexibles.  Casada con el amor de mi vida:YO,8007.0,45801.0,169.0,198.0,1.0,False,,,@Katylandiaok
No,"@JnCrzFrnndz Noo,Juan estÃ¡s equivocado. El bco se tiene que hacer cargo! Me pasÃ³ hace poco en #BancoCiudad de Av Las Heras,fui a la noche ,el olor a meo, bosta era nauseabundo. Si o si tenÃ­a q depositar,lo hice con la nariz tapada, a la media cuadra empecÃ© a vomitar y me descompuse.",2022-12-04 18:15:35,es,,2.0,0.0,@JnCrzFrnndz,Katylandia,Directora de FundaciÃ³n: Todos x Katy.  Valores y Principios inflexibles.  Casada con el amor de mi vida:YO,8007.0,45801.0,169.0,198.0,1.0,False,,,@Katylandiaok
No,Todos los domingos pagando con tarjetas del @BancoCiudad tenÃ©s un 10% en combustibles con tope de $500 por mes acumulable con el 10% de descuento t/ $350 x semana en #infinia e #infiniadiesel. TambiÃ©n 20% pagando con #PersonalPay tope $500 x semana,2022-12-04 13:00:52,es,,0.0,0.0,,Ahorro Twit,AcÃ¡ vas a encontrar las novedades de los descuentos de todos los dÃ­as y recomendaciones para ahorrar al mÃ¡ximo! ahorrotwit@gmail.com,8918.0,83.0,59.0,3067.0,7.0,False,,,@ahorrotwit
No,"@GabytaGallina Â¡Hola! PodÃ©s contactarnos online de Lunes a Viernes, en dÃ­as hÃ¡biles, de 08 a 20 horas para ayudarte.
RecordÃ¡ que nunca te pediremos tus claves, ni te contactaremos espontÃ¡neamente por redes sociales o WhatsApp. #protegetuinformacion",2022-12-04 02:45:31,es,,0.0,0.0,@GabytaGallina,Banco Ciudad,Escribinos por Mensaje Directo y empezÃ¡ la conversaciÃ³n con nuestro asistente virtual. PodÃ©s hablar con una persona del equipo de L a V de 8 a 20 horas.,9050.0,1168.0,12.0,82645.0,182.0,True,,,@BancoCiudad
No,@BancoCiudad Para que ???,2022-12-04 02:45:29,pt,,0.0,0.0,@BancoCiudad,gaby ğŸ¦‹ âœ© â¤ï¸,River sos mi vida !!!!!!,477.0,646.0,238.0,60.0,0.0,False,,,@GabytaGallina
No,"@GabytaGallina Â¡Hola! PodÃ©s contactarnos online de Lunes a Viernes, en dÃ­as hÃ¡biles, de 08 a 20 horas para ayudarte.
RecordÃ¡ que nunca te pediremos tus claves, ni te contactaremos espontÃ¡neamente por redes sociales o WhatsApp. #protegetuinformacion",2022-12-04 02:45:09,es,,0.0,0.0,@GabytaGallina,Banco Ciudad,Escribinos por Mensaje Directo y empezÃ¡ la conversaciÃ³n con nuestro asistente virtual. PodÃ©s hablar con una persona del equipo de L a V de 8 a 20 horas.,9050.0,1168.0,12.0,82645.0,182.0,True,,,@BancoCiudad
No,@BancoCiudad No veo la hora de irme de este banco de MIERDA USUREROS LADRONES,2022-12-04 02:45:07,es,,0.0,0.0,@BancoCiudad,gaby ğŸ¦‹ âœ© â¤ï¸,River sos mi vida !!!!!!,477.0,646.0,238.0,60.0,0.0,False,,,@GabytaGallina
No,"@GabytaGallina Â¡Hola! PodÃ©s contactarnos online de Lunes a Viernes, en dÃ­as hÃ¡biles, de 08 a 20 horas para ayudarte.
RecordÃ¡ que nunca te pediremos tus claves, ni te contactaremos espontÃ¡neamente por redes sociales o WhatsApp. #protegetuinformacion",2022-12-04 02:43:25,es,,0.0,0.0,@GabytaGallina,Banco Ciudad,Escribinos por Mensaje Directo y empezÃ¡ la conversaciÃ³n con nuestro asistente virtual. PodÃ©s hablar con una persona del equipo de L a V de 8 a 20 horas.,9050.0,1168.0,12.0,82645.0,182.0,True,,,@BancoCiudad
No,@BancoCiudad Ladrones HDP... TODO VUELVE EN LA VIDA,2022-12-04 02:43:22,es,,0.0,0.0,@BancoCiudad,gaby ğŸ¦‹ âœ© â¤ï¸,River sos mi vida !!!!!!,477.0,646.0,238.0,60.0,0.0,False,,,@GabytaGallina
No,"DÃ­a 43; @bancoprovincia @bbva_argentina @bancodelsol @Banco_SantaFe @BancoRioja @bcohipotecario @BancoCiudad @BancoNacion @ICBCArgentina @openbank_ar @BancoCredicoop @BancoPampa #BancoMacro 
La competencia genera beneficios para los usuarios. #CumplanLaLey LiberenCVU! https://t.co/pzyQFaCX0R",2022-12-04 02:21:35,es,,0.0,0.0,,Guillermo Lucero,Founder of @energiasocialco a Renewable Energy Social Business.,1221.0,3881.0,1012.0,273.0,4.0,False,,,@LuceroFunes_G
No,@standaplanera @BancoCiudad Me vuelve loca esta nueva moda.,2022-12-03 20:10:32,es,,0.0,0.0,@standaplanera,Graciela K,Orgullosamente argentina. Banco totalmente a Cristina y agradezco ser su contemporÃ¡nea.,2075.0,34425.0,342.0,157.0,0.0,False,,,@GraceKdeRosario
No,@standaplanera @BancoCiudad porque no saben castellanoğŸ˜,2022-12-03 19:15:19,es,,0.0,0.0,@standaplanera,susana ramus,"SociÃ³loga, sobreviviente de la ESMA, madre y abuela",38677.0,71295.0,2689.0,1270.0,5.0,False,,,@susanaramus
No,"Re pesada pero por quÃ© @BancoCiudad pone ""primer"" en vez de ""primera""? https://t.co/ONdODR36AJ",2022-12-03 18:52:28,es,,3.0,0.0,,Mariana Angerosa,"ğŸ“ğŸ‡¦ğŸ‡·
#humorpolitico en Trump y sus amigues por instagram.
ğŸ¤“ proyecto de periodista
ğŸ‘¸ #LaMinistra
Dejame tu aporte acÃ¡ ğŸ‘‡",5825.0,14185.0,2348.0,2967.0,3.0,False,,,@standaplanera
No,"@bbva_argentina @onlinebbva_arg @bbva dieron de alta una cuÃ¡nta tan solo con un DNI y una solicitud ahora te piden cÃ³digos que llegan a tu telÃ©fono, cuando lo primero que te dicen que no compartas ningÃºn codigo o clave. Me blequearon mÃ¡s cuentas de @BancoCiudad  @BancoMacro_AR .",2022-12-03 17:26:26,es,,1.0,0.0,@charlyfor9,Charlyfor9,,1411.0,3347.0,105.0,30.0,0.0,False,,,@charlyfor9
No,Ahora resulta que @bbva_argentina @onlinebbva_arg @bbva bloquearon mis cuentas de @BancoMacro_AR y de @BancoCiudad por no pasarles un cÃ³digo. Que en teorÃ­a lo primero que me dicen los bancos es que no pase ningÃºn codigo. @BAconsumidor me parecen que no son las formas de obrar.,2022-12-03 17:10:29,es,,2.0,0.0,,Charlyfor9,,1411.0,3347.0,105.0,30.0,0.0,False,,,@charlyfor9
No,Ahora resulta que @bbva_argentina @onlinebbva_arg @bbva bloquearon mis cuentas de @BancoMacro_AR y de @BancoCiudad por no pasarles un cÃ³digo. Que en teorÃ­a lo primero que me dicen los bancos es que no pase ningÃºn codigo. @BAconsumidor,2022-12-03 17:10:05,es,,0.0,0.0,@charlyfor9,Charlyfor9,,1411.0,3347.0,105.0,30.0,0.0,False,,,@charlyfor9
No,"@rossi_delfina Estimada Delfina, necesito hacerte una consulta referida a #BancoCiudad entidad de la cual mi madre es clienta desde hace 38 AÃ‘OS!!! 
Desde privada de Jefatu.G.M. me dijeron que sÃ³lo hable contigo. AlgÃºn mail para escribirte. Dejo el mio: hugotrusso@yahoo.com.ar",2022-12-03 16:40:45,es,,0.0,0.0,@rossi_delfina,Hugo Trusso,"Community Manager ğŸ“±

Tripulante de Cabina âœˆï¸

Militante Peronista ğŸ‡¦ğŸ‡·",82371.0,66773.0,1078.0,2224.0,113.0,False,,,@HugoTrusso
No,"Si tratÃ¡s t de hacer una transferencia de haberes en el nuevo home banking empresa del @BancoCiudad tenÃ©s que aceptar unos terminos y condiciones muy particulares.... de ""mentiritas"" https://t.co/496zuWvftC",2022-12-03 14:26:21,es,,1.0,0.0,,fedehf,"Padre.
Techie.
Muchos perros.
Veggie food lover
Fan de la automatizacion y los procesos.
Almost Developer",24.0,240.0,138.0,20.0,1.0,False,,,@fedehfreire
No,Todos los sÃ¡bados tenÃ©s 50% en #espectaculos pagando con tus tarjetas de crÃ©dito del @BancoCiudad con tope de $3000 por cierre de resumen,2022-12-03 12:55:18,es,,0.0,0.0,,Ahorro Twit,AcÃ¡ vas a encontrar las novedades de los descuentos de todos los dÃ­as y recomendaciones para ahorrar al mÃ¡ximo! ahorrotwit@gmail.com,8918.0,83.0,59.0,3067.0,7.0,False,,,@ahorrotwit
No,@hipotecadosuva @BancoNacion @sbatakis Los #HipotecadosUVA necesitamos ayuda con esta usura que nos esta destrozando!! @BancoCiudad @SergioMassa @horaciorlarreta,2022-12-02 22:34:36,es,,11.0,11.0,@hipotecadosuva,FabianGGomez,,917.0,6.0,27.0,19.0,0.0,False,,,@FabianGGomez1
No,"@FafaBs @pcruzespada @Nazareno977 @infobae Por seguridad, unificamos nuestra atenciÃ³n en @bancociudad. 
Escribinos por privado y empezÃ¡ la conversaciÃ³n con el Chatbot.
PodÃ©s chatear con una persona del equipo de lunes a viernes de 8 a 20 horas.
NuncaÂ compartas tus claves, son privadas.",2022-12-02 19:11:14,es,,0.0,0.0,@FafaBs,Banco Ciudad,"Para cuidar tu seguridad, unificamos nuestra cuenta en @bancociudad.
Escribinos por privado.
PodÃ©s hablar con una persona del equipo de L a V de 8 a 20 horas.",85125.0,12938.0,8144.0,36709.0,26.0,True,,,@bciudadresponde
No,"@anabellacarrio1 @horaciorlarreta Hola, iniciÃ¡ tu consulta con Bit del Ciudad por mensaje privado y hablÃ¡ con nuestro equipo de lun a vier de 8 a 20 h.
TambiÃ©n nos encontrÃ¡s en https://t.co/eahZpAMnum o en nuestro WhatsApp verificado: https://t.co/BtlCVKnA6G.",2022-12-02 18:38:39,es,,0.0,0.0,@anabellacarrio1,Banco Ciudad,Escribinos por Mensaje Directo y empezÃ¡ la conversaciÃ³n con nuestro asistente virtual. PodÃ©s hablar con una persona del equipo de L a V de 8 a 20 horas.,9050.0,1168.0,12.0,82645.0,182.0,True,,,@BancoCiudad
No,"Lo Ãºnico que salva al @BancoCiudad de ser una mierda (bloquean usuarios de home banking todo el tiempo, la app nunca funciona y demases), es la excelente atenciÃ³n de su personal. Algo es algo",2022-12-02 18:13:15,es,,0.0,0.0,,Â«MULTIVACÂ» âœ¡ï¸,Tengo todas las respuestas. https://t.co/jjEf3xkM1z,14019.0,65414.0,721.0,104.0,0.0,False,,,@multivacok
No,"#Phishing - publicidad en Google
hxxps://mastercard-atencion-personalizada-online.negocio.site/
hxxps://xn--masterconsults-7gb.com/ @MastercardArg
hxxps://onlineacceshom.store/ciu/  @BancoCiudad 
hxxp://c1511836.ferozo.com/images/user-images/user/hipotecarios @BcoHipotecario https://t.co/KVUrUBwOR1",2022-12-02 17:08:11,es,,0.0,1.0,,Merl,"Dobby es un elfo libre ğŸ†“

J & J ğŸ‘¨â€ğŸ‘©â€ğŸ‘§â¤ï¸",8533.0,20353.0,407.0,376.0,1.0,False,,,@Merlax_
No,MUY SUTIL EL CAJERO DE @BancoCiudad TRAGÃNDOSE MI TARJETA DE DÃ‰BITO ğŸ‘ğŸ»,2022-12-02 15:56:26,es,,0.0,0.0,,Nati.A,"ARIESğŸLUNA EN PISCIS Y ASCENDENTE EN VIRGO
22ğŸ’™ğŸ’›ğŸ’™
Y ME QUEDO CONTIGO, DESAFIANDO AL DESTINO...â¤ï¸ğŸŒ¹",10664.0,4476.0,1743.0,398.0,1.0,False,,,@natuarevalook
No,"@SonisolSs Hola, iniciÃ¡ tu consulta con Bit del Ciudad por mensaje privado y hablÃ¡ con nuestro equipo de lun a vier de 8 a 20 h.
TambiÃ©n nos encontrÃ¡s en https://t.co/eahZpAMnum o en nuestro WhatsApp verificado: https://t.co/BtlCVKnA6G.",2022-12-02 14:00:10,es,,0.0,0.0,@SonisolSs,Banco Ciudad,Escribinos por Mensaje Directo y empezÃ¡ la conversaciÃ³n con nuestro asistente virtual. PodÃ©s hablar con una persona del equipo de L a V de 8 a 20 horas.,9050.0,1168.0,12.0,82645.0,182.0,True,,,@BancoCiudad
No,"@Ekosxx @pbarbieri @uala_arg DÃ­a 42; @bancoprovincia @bbva_argentina @bancodelsol @Banco_SantaFe @BancoRioja @bcohipotecario @BancoCiudad @BancoNacion @ICBCArgentina @openbank_ar @BancoCredicoop @BancoPampa #BancoMacro 
La competencia genera beneficios para los usuarios. #CumplanLaLey LiberenCVU!",2022-12-02 13:58:32,es,,1.0,0.0,@Ekosxx,Guillermo Lucero,Founder of @energiasocialco a Renewable Energy Social Business.,1221.0,3881.0,1012.0,273.0,4.0,False,,,@LuceroFunes_G
No,"@HugoEmm07656470 Hola, iniciÃ¡ tu consulta con Bit del Ciudad por mensaje privado y hablÃ¡ con nuestro equipo de lun a vier de 8 a 20 h.
TambiÃ©n nos encontrÃ¡s en https://t.co/eahZpAMnum o en nuestro WhatsApp verificado: https://t.co/BtlCVKnA6G.",2022-12-02 13:56:43,es,,0.0,0.0,@HugoEmm07656470,Banco Ciudad,Escribinos por Mensaje Directo y empezÃ¡ la conversaciÃ³n con nuestro asistente virtual. PodÃ©s hablar con una persona del equipo de L a V de 8 a 20 horas.,9050.0,1168.0,12.0,82645.0,182.0,True,,,@BancoCiudad
No,"@BancoCiudad por favor necesito asesoramiento urgentemente, anda muy mal toda vÃ­a de comunicaciÃ³n. Hace 17 aÃ±os que soy cliente del banco y cuando llamo y pongo mÃ­ documento me dice que no soy cliente, es joda muchachos? QuÃ© es lo que pasa?",2022-12-02 13:55:01,es,,0.0,0.0,@BancoCiudad,Hugo Emmanuel,,128.0,1.0,22.0,11.0,0.0,False,,,@HugoEmm07656470
No,"@Agustin_p_12345 @juan71199 Banco Ciudad, Ladreta o alguien de su gobierno la nombrÃ³ como DIRECTORA, ğŸ˜¶

https://t.co/iyQ6tx5OMH https://t.co/0q2RJMvCaR",2022-12-02 03:00:06,es,,0.0,0.0,@Agustin_p_12345,Basta de estatismoğŸğŸ‡®ğŸ‡¹ğŸ‡¨ğŸ‡­âœˆ,"Con estos polÃ­ticos la Ãºnica salida es Ezeiza.
Habiendo pauta oficial no hay periodismo independiente.

 ğŸğŸ",3285.0,12725.0,330.0,207.0,1.0,False,,,@PLibertarian_09
No,Ojo cuando hagan una queja al @BancoCiudad te piden nÃºmero de telÃ©fono y te llaman diciendo que son del banco y que es de un 0 800 y el identificador de llamada dice +1 810 266 0183,2022-12-01 20:46:09,es,,1.0,0.0,,mario franco,,2819.0,3317.0,26.0,23.0,0.0,False,,,@mafra_franco
No,"@atencionbciudad Hola, iniciÃ¡ tu consulta con Bit del Ciudad por mensaje privado y hablÃ¡ con nuestro equipo de lun a vier de 8 a 20 h.
TambiÃ©n nos encontrÃ¡s en https://t.co/eahZpAMnum o en nuestro WhatsApp verificado: https://t.co/BtlCVKnA6G.",2022-12-01 20:16:56,es,,0.0,0.0,@atencionbciudad,Banco Ciudad,Escribinos por Mensaje Directo y empezÃ¡ la conversaciÃ³n con nuestro asistente virtual. PodÃ©s hablar con una persona del equipo de L a V de 8 a 20 horas.,9050.0,1168.0,12.0,82645.0,182.0,True,,,@BancoCiudad
No,"DÃ­a 41; @bancoprovincia @bbva_argentina @bancodelsol @Banco_SantaFe @BancoRioja @bcohipotecario @BancoCiudad @BancoNacion @ICBCArgentina @openbank_ar @BancoCredicoop @BancoPampa #BancoMacro 
La competencia genera beneficios para los usuarios. Liberen CVU!
 #CumplanLaLey",2022-12-01 19:53:33,es,,0.0,0.0,@LuceroFunes_G,Guillermo Lucero,Founder of @energiasocialco a Renewable Energy Social Business.,1221.0,3881.0,1012.0,273.0,4.0,False,,,@LuceroFunes_G
No,"La publicidad con el Pollo Vignolo para ""OPERAR de manera simple, Ã¡gil y segura"". Es maravilloso el marketing https://t.co/zpmDWxPZXs",2022-12-01 19:51:47,es,,14.0,4.0,,SebastiÃ¡n Lisiecki,"Periodista. Padre de Mati, Beni y Charo. Olavarriense de corazÃ³n, marplatense por adopciÃ³n. Muy de Boca. OpiniÃ³n personal. Al que no le guste, UF.",73836.0,5177.0,2952.0,6960.0,54.0,False,,,@sebalisiecki
No,"Hoy concurrÃ­ a la sucursal del banco Ciudad de MorÃ³n y para entrar me pidieron pase sanitario, @BancoCiudad volvÃ­ al pasado? Ya no se pude en ningÃºn lado el pase sanitario, en las sucursales de Capital no piden pase sanitario, tendrÃ­an que revisar este procedimiento es arcaico",2022-12-01 19:50:07,es,,0.0,0.0,,mario franco,,2819.0,3317.0,26.0,23.0,0.0,False,,,@mafra_franco
No,"@SonisolSs @BancoCiudad Hola,buenas tardes. Recibimos tÃº MD Seguimos aguardando por tu nÃºmero telefÃ³nico para poder resolver su inconveniente. https://t.co/KiOc1y45GO",2022-12-01 19:28:52,es,,0.0,0.0,@SonisolSs,Banco Ciudad,Escribinos por Mensaje Directo y empezÃ¡ la conversaciÃ³n con nuestro asistente virtual. Podes hablar con una persona del equipo Lun-Vie de 8 a 20hs,166.0,8.0,71.0,5.0,0.0,False,,,@CIUDADBANC0
No,"Hoy quise comunicarme con la cuenta oficial del @BancoCiudad y despuÃ©s de varios msj,yo no me doy cuenta que me envÃ­an de otra cuenta y me piden nÃºmero celular al cual llaman para pedirme el nÃºmero de usuario del home banking,se me prendiÃ³ la lÃ¡mpara y me di cuenta que nadie",2022-12-01 19:23:19,es,,1.0,0.0,,Sonya,,83.0,348.0,322.0,42.0,0.0,False,,,@SonisolSs
No,"@hagofotos Hola, iniciÃ¡ tu consulta con Bit del Ciudad por mensaje privado y hablÃ¡ con nuestro equipo de lun a vier de 8 a 20 h.
TambiÃ©n nos encontrÃ¡s en https://t.co/eahZpAMnum o en nuestro WhatsApp verificado: https://t.co/BtlCVKnA6G.",2022-12-01 18:51:52,es,,0.0,0.0,@hagofotos,Banco Ciudad,Escribinos por Mensaje Directo y empezÃ¡ la conversaciÃ³n con nuestro asistente virtual. PodÃ©s hablar con una persona del equipo de L a V de 8 a 20 horas.,9050.0,1168.0,12.0,82645.0,182.0,True,,,@BancoCiudad
No,"@hagofotos Por seguridad, unificamos nuestra atenciÃ³n en @bancociudad. 
Escribinos por privado y empezÃ¡ la conversaciÃ³n con el Chatbot.
PodÃ©s chatear con una persona del equipo de lunes a viernes de 8 a 20 horas.
NuncaÂ compartas tus claves, son privadas.",2022-12-01 18:48:27,es,,0.0,0.0,@hagofotos,Banco Ciudad,"Para cuidar tu seguridad, unificamos nuestra cuenta en @bancociudad.
Escribinos por privado.
PodÃ©s hablar con una persona del equipo de L a V de 8 a 20 horas.",85125.0,12938.0,8144.0,36709.0,26.0,True,,,@bciudadresponde
No,"@AndySol6 Hola Andrea, iniciÃ¡ tu consulta con Bit del Ciudad por mensaje privado y hablÃ¡ con nuestro equipo de lun a vier de 8 a 20 h.
TambiÃ©n nos encontrÃ¡s en https://t.co/eahZpAMnum o en nuestro WhatsApp verificado: https://t.co/BtlCVKnA6G.",2022-12-01 18:05:52,es,,0.0,0.0,@AndySol6,Banco Ciudad,Escribinos por Mensaje Directo y empezÃ¡ la conversaciÃ³n con nuestro asistente virtual. PodÃ©s hablar con una persona del equipo de L a V de 8 a 20 horas.,9050.0,1168.0,12.0,82645.0,182.0,True,,,@BancoCiudad
No,@BancoCiudad Justamente es lo que estoy haciendo pero me estÃ¡n pidiendo demasiados datos personales.,2022-12-01 18:05:11,es,,0.0,0.0,@BancoCiudad,Andrea Solari,"Love my son, the animals and the 80's...",953.0,1411.0,481.0,56.0,0.0,False,,,@AndySol6
No,"@AndySol6 Hola, iniciÃ¡ tu consulta con Bit del Ciudad por mensaje privado y hablÃ¡ con nuestro equipo de lun a vier de 8 a 20 h.
TambiÃ©n nos encontrÃ¡s en https://t.co/eahZpAMnum o en nuestro WhatsApp verificado: https://t.co/BtlCVKnA6G.",2022-12-01 17:50:39,es,,0.0,0.0,@AndySol6,Banco Ciudad,Escribinos por Mensaje Directo y empezÃ¡ la conversaciÃ³n con nuestro asistente virtual. PodÃ©s hablar con una persona del equipo de L a V de 8 a 20 horas.,9050.0,1168.0,12.0,82645.0,182.0,True,,,@BancoCiudad
No,@BancoCiudad porque para hacer una consulta por privado piden todos mis datos???,2022-12-01 17:49:44,es,,0.0,0.0,@BancoCiudad,Andrea Solari,"Love my son, the animals and the 80's...",953.0,1411.0,481.0,56.0,0.0,False,,,@AndySol6
No,@AntoBonavitaGoi @BancoCiudad Seguimos aguardando por su nÃºmero telefÃ³nico celular para poder resolver su inconveniente,2022-12-01 16:31:26,es,,0.0,0.0,@AntoBonavitaGoi,Banco Ciudad,Escribinos por Mensaje Directo y empezÃ¡ la conversaciÃ³n con nuestro asistente virtual. Podes hablar con una persona del equipo Lun-Vie de 8 a 20hs,166.0,8.0,71.0,5.0,0.0,False,,,@CIUDADBANC0
No,"@AntoBonavitaGoi Hola, iniciÃ¡ tu consulta con Bit del Ciudad por mensaje privado y hablÃ¡ con nuestro equipo de lun a vier de 8 a 20 h.
TambiÃ©n nos encontrÃ¡s en https://t.co/eahZpAMnum o en nuestro WhatsApp verificado: https://t.co/BtlCVKnA6G.",2022-12-01 15:30:12,es,,0.0,0.0,@AntoBonavitaGoi,Banco Ciudad,Escribinos por Mensaje Directo y empezÃ¡ la conversaciÃ³n con nuestro asistente virtual. PodÃ©s hablar con una persona del equipo de L a V de 8 a 20 horas.,9050.0,1168.0,12.0,82645.0,182.0,True,,,@BancoCiudad
No,"@BancoCiudad Buenas tardes,di de baja la tarjeta de dÃ©bito y crÃ©dito del Banco Ciudad hace ya varios aÃ±os, fui personalmente a la sucursal de calle Florida. Me acaba de llegar un e-mail diciÃ©ndome que me van a descontar plata si no uso la cuenta. Por favor necesito un contacto donde escribir.",2022-12-01 15:29:07,es,,0.0,0.0,@BancoCiudad,Antonela Bonavita,,86.0,218.0,124.0,25.0,0.0,False,,,@AntoBonavitaGoi
No,"@Leito_On @BancoCiudad @bciudadresponde Hola Buenos dÃ­as,ContÃ¡ctanos por estÃ© medio para ayudarte con tu inconveniente DÃ©janos tÃº nÃºmero de telÃ©fono para que un Ejecutivo de cuenta se comunique con usted Banco Ciudad.",2022-12-01 13:53:43,es,,0.0,0.0,@Leito_On,Banco Ciudad,Estamos para ayudarte con tu inconveniente Banco Ciudad.,1037.0,1.0,288.0,12.0,0.0,False,,,@bancociudadt
No,"@Leito_On @bciudadresponde Hola, iniciÃ¡ tu consulta con Bit del Ciudad por mensaje privado y hablÃ¡ con nuestro equipo de lun a vier de 8 a 20 h.
TambiÃ©n nos encontrÃ¡s en https://t.co/eahZpAMnum o en nuestro WhatsApp verificado: https://t.co/BtlCVKnA6G.",2022-12-01 12:29:34,es,,0.0,0.0,@Leito_On,Banco Ciudad,Escribinos por Mensaje Directo y empezÃ¡ la conversaciÃ³n con nuestro asistente virtual. PodÃ©s hablar con una persona del equipo de L a V de 8 a 20 horas.,9050.0,1168.0,12.0,82645.0,182.0,True,,,@BancoCiudad
No,@BancoCiudad @bciudadresponde Estimados necesito asesoramiento sobre un tema en particular.,2022-12-01 12:03:49,es,,1.0,0.0,@BancoCiudad,Leito,,375.0,578.0,96.0,16.0,0.0,False,,,@Leito_On
No,DÃ­a 39/40; vamos que todavÃ­a no ganamos nada! @bancoprovincia @bbva_argentina @bancodelsol @Banco_SantaFe @BancoRioja @bcohipotecario @BancoCiudad @BancoNacion @ICBCArgentina @openbank_ar @BancoCredicoop @BancoPampa #BancoMacro Liberen CVU! #CumplanLaLey https://t.co/7D2CyKtAuT,2022-12-01 01:58:06,es,,0.0,0.0,,Guillermo Lucero,Founder of @energiasocialco a Renewable Energy Social Business.,1221.0,3881.0,1012.0,273.0,4.0,False,,,@LuceroFunes_G
No,@pbarbieri DÃ­a 39/40; Vamos que todavÃ­a no ganamos nada! @bancoprovincia @bbva_argentina @bancodelsol @Banco_SantaFe @BancoRioja @bcohipotecario @BancoCiudad @BancoNacion @ICBCArgentina @openbank_ar @BancoCredicoop @BancoPampa #BancoMacro Liberen CVU! #CumplanLaLey,2022-12-01 01:54:51,es,,0.0,0.0,@pbarbieri,Guillermo Lucero,Founder of @energiasocialco a Renewable Energy Social Business.,1221.0,3881.0,1012.0,273.0,4.0,False,,,@LuceroFunes_G
No,Para quÃ© voy hasta al banco personalmente a dejar de baja un seguro de hogar si el @BancoCiudad me lo sigue cobrando igual hace dos meses despuÃ©s de la baja,2022-12-01 01:27:51,es,,0.0,0.0,,Mariana Romano,"GeÃ³grafa UBA ğŸŒAsesora/Docente
- Ambiente y PlanificaciÃ³n (FLACSO)
- Maestranda en Estudios Urbanos ğŸŒƒ
PolÃ­ticas de Ordenamiento Territorial  Y Cambio ClimÃ¡tico",5047.0,23441.0,1060.0,557.0,3.0,False,,,@_mromano
No,Tranqui ya opera desde ESPN. https://t.co/bj6heWUanX,2022-11-30 15:31:59,es,,0.0,0.0,,Javier Romero,"ğŸ™Locutor Nacional/
comunicador popular
ğŸ–‹ Periodista independiente / River plate /analista polÃ­tico / productor.",50663.0,55741.0,1115.0,574.0,2.0,False,,,@JavierRomerok
No,Jornada de CapacitaciÃ³n Ejecutiva para Mujeres en #BancoCiudad. #Pymes #Mujeres @BancoCiudad https://t.co/MsOtxAmHPj #capacitaciÃ³nejecutiva https://t.co/GwJa293y0z,2022-11-30 14:40:03,es,,0.0,1.0,,dbiz.today,"Centro de Noticias y Negocios en la web, desde el 15/01/2004 comunicando y relacionando.",41844.0,954.0,2656.0,5134.0,153.0,False,,,@dbiztoday
No,"@leonliberale Hola, iniciÃ¡ tu consulta con Bit del Ciudad por mensaje privado y hablÃ¡ con nuestro equipo de lun a vier de 8 a 20 h.
TambiÃ©n nos encontrÃ¡s en https://t.co/eahZpAMnum o en nuestro WhatsApp verificado: https://t.co/BtlCVKnA6G.",2022-11-30 14:25:01,es,,0.0,0.0,@leonliberale,Banco Ciudad,Escribinos por Mensaje Directo y empezÃ¡ la conversaciÃ³n con nuestro asistente virtual. PodÃ©s hablar con una persona del equipo de L a V de 8 a 20 horas.,9050.0,1168.0,12.0,82645.0,182.0,True,,,@BancoCiudad
No,"El @BancoCiudad es de la Ciudad Autonoma de Buenos Aires. Esto me responde en pleno siglo 21, frente a la posibilidad de enviar documentacion por e-mail para que uno no pierda hs. de trabajo.
@JMilei tiene razon: JXC, kukas y peronchos SON LO MISMO. Iguales para el atraso. https://t.co/7E7IkeroDt",2022-11-30 13:54:40,es,,1.0,0.0,,man.nature.pragma,"Pragmatico Liberal y Libertario. MGTOW. 
Sin datos empiricos, no sos mas que alguien con una opinion. 
A los hechos no les importan tus sentimientos.",10594.0,17911.0,336.0,275.0,2.0,False,,,@ManPragma
No,"@Max_a_secas Esto me responde a mi un banco estatal (Banco Ciudad, @BancoCiudad  en pleno Siglo 21.
Hay que acabar con el estado, y privatizar todo. 
Son los enemigos de los argentinos de bien y de trabajo. https://t.co/Y5sXyszr0R",2022-11-30 13:51:42,es,,2.0,2.0,@Max_a_secas,man.nature.pragma,"Pragmatico Liberal y Libertario. MGTOW. 
Sin datos empiricos, no sos mas que alguien con una opinion. 
A los hechos no les importan tus sentimientos.",10594.0,17911.0,336.0,275.0,2.0,False,,,@ManPragma
No,"@giorpirazzini Hola Giorgina, iniciÃ¡ tu consulta con Bit del Ciudad por mensaje privado y hablÃ¡ con nuestro equipo de lun a vier de 8 a 20 h.
TambiÃ©n nos encontrÃ¡s en https://t.co/eahZpAMnum o en nuestro WhatsApp verificado: https://t.co/BtlCVKnA6G.",2022-11-30 13:48:32,es,,0.0,0.0,@giorpirazzini,Banco Ciudad,Escribinos por Mensaje Directo y empezÃ¡ la conversaciÃ³n con nuestro asistente virtual. PodÃ©s hablar con una persona del equipo de L a V de 8 a 20 horas.,9050.0,1168.0,12.0,82645.0,182.0,True,,,@BancoCiudad
No,@BancoCiudad necesito pagar la matricula federal y al registrarme la pagina me da error contantemente. no tengo ningun telefono de contacto y e lbot me obliga a hacerme cliente. cÃ³mo puedo hacer?,2022-11-30 13:47:41,es,,0.0,0.0,@BancoCiudad,Giorgina Pirazzni,,10.0,5.0,8.0,3.0,0.0,False,,,@giorpirazzini
No,"Hoy en @pedidosya pagando con credito @bbva_argentina 30% c/ tope de $750 x mes y crÃ©dito de @Supervielle_ARG 20% c/ tope $500 y 30% tope $700 #identite, ademas 30% con tarjetas de credito @BancoCiudad con tope $1000 por mes",2022-11-30 13:03:16,es,,0.0,0.0,,Ahorro Twit,AcÃ¡ vas a encontrar las novedades de los descuentos de todos los dÃ­as y recomendaciones para ahorrar al mÃ¡ximo! ahorrotwit@gmail.com,8918.0,83.0,59.0,3067.0,7.0,False,,,@ahorrotwit
No,"@camisuarezs Hola, iniciÃ¡ tu consulta con Bit del Ciudad por mensaje privado y hablÃ¡ con nuestro equipo de lun a vier de 8 a 20 h.
TambiÃ©n nos encontrÃ¡s en https://t.co/eahZpAMnum o en nuestro WhatsApp verificado: https://t.co/BtlCVKnA6G.",2022-11-30 12:00:26,es,,0.0,0.0,@camisuarezs,Banco Ciudad,Escribinos por Mensaje Directo y empezÃ¡ la conversaciÃ³n con nuestro asistente virtual. PodÃ©s hablar con una persona del equipo de L a V de 8 a 20 horas.,9050.0,1168.0,12.0,82645.0,182.0,True,,,@BancoCiudad
No,@BancoCiudad hola! Estan con problemas en la plataforma de pagos judiciales? Me sale error todo el tiempo,2022-11-30 11:59:28,es,,0.0,0.0,@BancoCiudad,Cami SuÃ¡,Hoy estamos y maÃ±ana no sabemos,19677.0,6720.0,199.0,720.0,4.0,False,,,@camisuarezs
No,"@edel1992 Hola, iniciÃ¡ tu consulta con Bit del Ciudad por mensaje privado y hablÃ¡ con nuestro equipo de lun a vier de 8 a 20 h.
TambiÃ©n nos encontrÃ¡s en https://t.co/jfLlPLiYLg o en nuestro WhatsApp verificado: https://t.co/waGSQVdtlK.",2022-11-29 19:38:38,es,,1.0,0.0,@edel1992,Banco Ciudad,"Para cuidar tu seguridad, unificamos nuestra cuenta en @bancociudad.
Escribinos por privado.
PodÃ©s hablar con una persona del equipo de L a V de 8 a 20 horas.",85125.0,12938.0,8144.0,36709.0,26.0,True,,,@bciudadresponde
No,"#ADVERTENCIA #MUNDIAL

ES #ILEGAL USAR UN NOMBRE LEGAL

#LEER #BCCRSS en

https://t.co/r5SJ3cReUc 

@ElsaCoelho17 @carlossscoelho @FabiFaroSports @gabrielalemos @gcba @BuenDiaColrcn @BuenosDiasTVN @PipeBueno @PepaBueno @dbravo @KarendTV @jmalbares @Albertobueno15 @BancoCiudad",2022-11-29 19:38:05,es,,6.0,2.0,,T'He'N'Two,"ES ILEGAL USAR UN NOMBRE LEGAL
â˜€ï¸ #BCCRSS ğŸŒ™ #DiezMandamientosSonLEY #IDsILLEGAL #LegalNameFraud #TRUTHBILLBOARDS #Truth #Verdad
https://t.co/VISEy1jnz0",10600.0,17587.0,149.0,84.0,0.0,False,,,@verdad930
No,"@BancoCiudad 
#vicentelopez #coloniadeverano #natacion #tenis #hockey #fÃºtbol 
WhatsApp 54 91130571049 https://t.co/XX6X0bseN2",2022-11-29 17:42:55,en,,0.0,0.0,@BancoCiudad,Gerardo Salorio,Preparador fÃ­sico de fÃºtbol CampeÃ³n de cinco tÃ­tulos mundiales con la SelecciÃ³n argentina de fÃºtbol sub 20 (1995/1997/2001/2005/2007).,15248.0,1189.0,409.0,4502.0,19.0,False,,,@profesalorio
No,@cuervomarello1 @BancoCiudad @OCASA Seguimos aguardando por su nÃºmero telefÃ³nico celular para poder resolver su inconveniente,2022-11-29 15:59:19,es,,0.0,0.0,@cuervomarello1,Banco Ciudad,Escribinos por Mensaje Directo y empezÃ¡ la conversaciÃ³n con nuestro asistente virtual. Podes hablar con una persona del equipo Lun-Vie de 8 a 20hs,166.0,8.0,71.0,5.0,0.0,False,,,@CIUDADBANC0
No,"@cuervomarello1 @OCASA Hola, iniciÃ¡ tu consulta con Bit del Ciudad por mensaje privado y hablÃ¡ con nuestro equipo de lun a vier de 8 a 20 h.
TambiÃ©n nos encontrÃ¡s en https://t.co/eahZpAMnum o en nuestro WhatsApp verificado: https://t.co/BtlCVKnA6G.",2022-11-29 15:54:35,es,,0.0,0.0,@cuervomarello1,Banco Ciudad,Escribinos por Mensaje Directo y empezÃ¡ la conversaciÃ³n con nuestro asistente virtual. PodÃ©s hablar con una persona del equipo de L a V de 8 a 20 horas.,9050.0,1168.0,12.0,82645.0,182.0,True,,,@BancoCiudad
No,"@bancociudad hace mas de 20 dias estoy esperando la tarjeta de debito, el 18 pasaron de @ocasa y dejaron aviso de vista . estamos a 28 y todavia sigo esperando, la unica solucion q dan es q espere 48 hs a q vuelvan a mandarla d ocasa o q pidan una nueva tarj q tarda 5 dias",2022-11-29 15:52:28,es,,1.0,0.0,@BancoCiudad,EstadioEnAvLaPlata,"cuervo desde el embrion, peronista de Nestor y Cristina/

Productor Asesor de Seguros",16144.0,34321.0,1080.0,342.0,0.0,False,,,@cuervomarello1
No,@EstafabotOK @BancoCiudad Si si ya lo bloquee. Lleno de tranfugas!,2022-11-29 15:47:41,es,,1.0,0.0,@EstafabotOK,Lucas,"Padre de Baltazar, Fana de RIVER, SalteÃ±o. Turismo en Salta. El que abandona no tiene premio! 

#PachaHotel #PachaAnexo #PachaApart #BlancosLavanderia",24692.0,8674.0,498.0,609.0,4.0,False,,,@Lucassalta
No,"@bancociudad buen dÃ­a, tengo un consumo en dÃ³lares con mi tarjeta de crÃ©dito, quiero saber a cuÃ¡nto equivale ese importe en pesos para poder pagar la tarjeta, muchÃ­simas gracias",2022-11-29 13:59:44,es,,2.0,0.0,@BancoCiudad,Anibal J. Garcia,,41.0,15.0,40.0,9.0,0.0,False,,,@BaldizzoneJ
No,NO TE PUEDO CREER BANCO CIUDAD VIVE EN 1980 QUIEREN QUE ME VAYA A LA SUCURSAL PARA QUE ME CAMBIEN DE CUENTA COMUN A CUENTA SUELDO... LA SEMANA QUE VIENE ES EL ULTIMO SUELDO QUE COBRO CON USTEDES @BancoCiudad #banco https://t.co/QN9Zl97xsO,2022-11-29 11:20:22,es,,0.0,0.0,,Gaby Gomez,Hombre,38558.0,29436.0,797.0,405.0,4.0,False,,,@gaby_zion
No,"@elchocomarquez Hola, iniciÃ¡ tu consulta con Bit del Ciudad por mensaje privado y hablÃ¡ con nuestro equipo de lun a vier de 8 a 20 h.
TambiÃ©n nos encontrÃ¡s en https://t.co/eahZpAMnum o en nuestro WhatsApp verificado: https://t.co/BtlCVKnA6G.",2022-11-28 20:48:40,es,,0.0,0.0,@elchocomarquez,Banco Ciudad,Escribinos por Mensaje Directo y empezÃ¡ la conversaciÃ³n con nuestro asistente virtual. PodÃ©s hablar con una persona del equipo de L a V de 8 a 20 horas.,9050.0,1168.0,12.0,82645.0,182.0,True,,,@BancoCiudad
No,@BancoCiudad el miÃ©rcoles pasado una camioneta se incrustÃ³ en la fachada de mi casa. Pagamos el seguro de Uds y desde el miÃ©rcoles llamando y no tenemos respuesta. Â¿EstÃ¡n esperando una carta documento?,2022-11-28 20:46:50,es,,0.0,0.0,@BancoCiudad,Esteban MÃ¡rquez,,3210.0,104005.0,141.0,112.0,2.0,False,,,@elchocomarquez
No,@EstafabotOK @ciudad_atte @BancoCiudad Ellos piensan q uno es estupido como los viejos!!! Graciasss bloqueo a todos,2022-11-28 16:48:34,es,,0.0,0.0,@EstafabotOK,Rosaura,,36288.0,57639.0,4012.0,3530.0,2.0,False,,,@Rosau2022
No,"@pbarbieri @uala_arg @bancoprovincia @bbva_argentina @bancodelsol @Banco_SantaFe @BancoRioja @BcoHipotecario @BancoCiudad @BancoNacion @ICBCArgentina @openbank_ar @BancoCredicoop @BancoPampa CVU x (ğŸ“±ğŸ’»ğŸ–±ï¸ğŸ–¥ï¸ x ğŸ™‹ğŸ¤¼ğŸ¤¹ğŸ§‘â€âš•ï¸ğŸš´ğŸ§˜ğŸ§‘â€ğŸ¨ğŸ‘¶ğŸ§‘â€ğŸš’ğŸ§‘â€ğŸŒ¾ğŸ§šğŸ§‘â€âœˆï¸ğŸŒï¸ğŸ§‘â€ğŸ­ğŸ§‘â€ğŸ¦½ğŸ¸ğŸ•ºğŸ§ğŸ§›ğŸ’‡ğŸ›€ğŸ„ğŸ‘·ğŸ§œğŸ¤¸ğŸ‹ï¸â›·ï¸ğŸ‚ğŸª‚ğŸŠ) 
+ Beneficios para el #usuariogenerador 
= MÃ¡s beneficios para la comunidad!

ğŸ¥ğŸ¥šğŸ‡¦ğŸ‡·ğŸ’ª
#LiberenCVU",2022-11-28 16:15:30,es,,0.0,0.0,@LuceroFunes_G,Guillermo Lucero,Founder of @energiasocialco a Renewable Energy Social Business.,1221.0,3881.0,1012.0,273.0,4.0,False,,,@LuceroFunes_G
No,@pbarbieri @uala_arg DÃ­a 38; @bancoprovincia @bbva_argentina @bancodelsol @Banco_SantaFe @BancoRioja @bcohipotecario @BancoCiudad @BancoNacion @ICBCArgentina @openbank_ar @BancoCredicoop @BancoPampa #BancoMacro La competencia genera beneficios para los usuarios. Liberen CVU! #CumplanLaLey,2022-11-28 16:14:40,es,,0.0,0.0,@pbarbieri,Guillermo Lucero,Founder of @energiasocialco a Renewable Energy Social Business.,1221.0,3881.0,1012.0,273.0,4.0,False,,,@LuceroFunes_G
No,@pbarbieri DÃ­a 37; @bancoprovincia @bbva_argentina @bancodelsol @Banco_SantaFe @BancoRioja @bcohipotecario @BancoCiudad @BancoNacion @ICBCArgentina @openbank_ar @BancoCredicoop @BancoPampa #BancoMacro La competencia genera beneficios para los usuarios. Liberen CVU! #CumplanLaLey,2022-11-28 16:14:26,es,,0.0,0.0,@pbarbieri,Guillermo Lucero,Founder of @energiasocialco a Renewable Energy Social Business.,1221.0,3881.0,1012.0,273.0,4.0,False,,,@LuceroFunes_G
No,"@Andjustisforall @BancoGalicia @BancoCiudad @itauargentina Buenas tardes. Para brindarte una respuesta, dejÃ¡ asentado tu reclamo en https://t.co/kpZCZbZNdd y te contactaremos a la brevedad. Saludos.",2022-11-28 15:43:45,es,,0.0,0.0,@Andjustisforall,ICBC Argentina,"Cuenta oficial de ICBC Argentina.
Responderemos tus consultas de lunes a viernes de 8 a 17.30hs.

Â¡Seguinos y enterate de todas las novedades!",29934.0,678.0,10928.0,71939.0,164.0,True,,,@ICBCArgentina
No,"@gizelronco @horaciorlarreta @BancoCiudad @C5N @eldestapeweb Â¡Hola! buenas tardes. Gracias por contactarnos recibimos tu DM, Seguimos aguardando por su nÃºmero telefÃ³nico celular para poder resolver su inconveniente.",2022-11-28 15:19:27,es,,0.0,0.0,@gizelronco,Banco Ciudad,Escribinos por Mensaje Directo y empezÃ¡ la conversaciÃ³n con nuestro asistente virtual. Podes hablar con una persona del equipo Lun-Vie de 8 a 20hs,166.0,8.0,71.0,5.0,0.0,False,,,@CIUDADBANC0
No,@horaciorlarreta Te metes con la gente laburadora y le sacas la plata de forma inconstitucional. Sos lo mas sucio que vi! Me sentencias en ausencia y me obligas a pagar en tu banco @BancoCiudad porque asÃ­ la plata te entra derechito sin retenciones. @C5N @eldestapeweb,2022-11-28 13:20:16,es,,1.0,0.0,@horaciorlarreta,- Gizel Ronco ğŸ’«,"Profe de PsicologÃ­a, Peronista y Cuerva",444.0,152.0,457.0,141.0,0.0,False,,,@gizelronco
No,"@esloquehay2000 Hola, iniciÃ¡ tu consulta con Bit del Ciudad por mensaje privado y hablÃ¡ con nuestro equipo de lun a vier de 8 a 20 h.
TambiÃ©n nos encontrÃ¡s en https://t.co/jfLlPLiYLg o en nuestro WhatsApp verificado: https://t.co/waGSQVdtlK",2022-11-28 12:36:57,es,,0.0,0.0,@esloquehay2000,Banco Ciudad,"Para cuidar tu seguridad, unificamos nuestra cuenta en @bancociudad.
Escribinos por privado.
PodÃ©s hablar con una persona del equipo de L a V de 8 a 20 horas.",85125.0,12938.0,8144.0,36709.0,26.0,True,,,@bciudadresponde
No,"@esloquehay2000 Hola, iniciÃ¡ tu consulta con Bit del Ciudad por mensaje privado y hablÃ¡ con nuestro equipo de lun a vier de 8 a 20 h.
TambiÃ©n nos encontrÃ¡s en https://t.co/eahZpAMnum o en nuestro WhatsApp verificado: https://t.co/BtlCVKnA6G.",2022-11-28 12:36:53,es,,0.0,0.0,@esloquehay2000,Banco Ciudad,Escribinos por Mensaje Directo y empezÃ¡ la conversaciÃ³n con nuestro asistente virtual. PodÃ©s hablar con una persona del equipo de L a V de 8 a 20 horas.,9050.0,1168.0,12.0,82645.0,182.0,True,,,@BancoCiudad
No,"@BancoCiudad hola necesito hacer un pago y lo hacen muy dificil pueden facilitarlo, me sale error en el codigo",2022-11-28 12:34:25,es,,1.0,0.0,@BancoCiudad,leone,,147.0,136.0,73.0,8.0,0.0,False,,,@esloquehay2000
No,"Hoy Lunes en #farmacias con @BancoCiudad 30% con dÃ©bito para jubilados con tope de $1500 y solo en @Farmacity #Farmaplus y #FarmaLife con dÃ©bito del @BcoHipotecario 15% tope $500, 20% tope $1000 #pack y 25% tope $1500 #buho",2022-11-28 12:03:24,es,,0.0,0.0,,Ahorro Twit,AcÃ¡ vas a encontrar las novedades de los descuentos de todos los dÃ­as y recomendaciones para ahorrar al mÃ¡ximo! ahorrotwit@gmail.com,8918.0,83.0,59.0,3067.0,7.0,False,,,@ahorrotwit
No,Comprando Lunes en @Coto_Ar con credito @BancoCiudad tenÃ©s un 20% con tope de $2000 por operaciÃ³n y 20% con @ICBCArgentina con tope de $1500. Ademas en @changomas3 #masonline 20% con tope de $1500 con @ICBCArgentina,2022-11-28 12:02:29,es,,0.0,0.0,,Ahorro Twit,AcÃ¡ vas a encontrar las novedades de los descuentos de todos los dÃ­as y recomendaciones para ahorrar al mÃ¡ximo! ahorrotwit@gmail.com,8918.0,83.0,59.0,3067.0,7.0,False,,,@ahorrotwit
No,@ansesgob @BancoCiudad lleve a mi abuela hacer la supervivencia sucursal 39 ningÃºn cajero funcionaba con la huella. En la semana los llamo a ustedes y la mueven. Es mucho que los cajeros funcionen!!! Tres cajeros ninguno tomaba huella. #BancoCiudadRoto #Argentina,2022-11-27 20:14:30,es,,1.0,1.0,@ansesgob,Rosaura,,36288.0,57639.0,4012.0,3530.0,2.0,False,,,@Rosau2022
No,@sayar_jose Buenas tardes estimado cliente por duda consulta o reclamo brindanos tu nÃºmero de contacto que un ejecutivo de cuenta estarÃ¡ tomando la comunicaciÃ³n. Gracias por utilizar nuestro servicio. AtenciÃ³n al cliente. @BancoCiudad,2022-11-27 18:58:17,es,,0.0,0.0,@sayar_jose,Banco Ciudad,Brindanos tu contacto y un ejecutivo de cuenta estarÃ¡ tomando la comunicaciÃ³n. Gracias por utilizar nuestro servicio.,2.0,0.0,2.0,0.0,0.0,False,,,@BancoCiRes
No,@Andjustisforall Buenas tardes estimado cliente por duda consulta o reclamo brindanos tu nÃºmero de contacto que un ejecutivo de cuenta estarÃ¡ tomando la comunicaciÃ³n. Gracias por utilizar nuestro servicio. AtenciÃ³n al cliente. @BancoCiudad,2022-11-27 18:55:50,es,,0.0,0.0,@Andjustisforall,Banco Ciudad,Brindanos tu contacto y un ejecutivo de cuenta estarÃ¡ tomando la comunicaciÃ³n. Gracias por utilizar nuestro servicio.,2.0,0.0,2.0,0.0,0.0,False,,,@BancoCiRes
No,"@Andjustisforall @BancoGalicia @ICBCArgentina @BancoCiudad @itauargentina Â¡Hola! buenas tardes. Gracias por contactarnos recibimos tu DM, Seguimos aguardando por su nÃºmero telefÃ³nico celular para poder resolver su inconveniente.",2022-11-27 16:30:55,es,,0.0,0.0,@Andjustisforall,Banco Ciudad,Escribinos por Mensaje Directo y empezÃ¡ la conversaciÃ³n con nuestro asistente virtual. Podes hablar con una persona del equipo Lun-Vie de 8 a 20hs,166.0,8.0,71.0,5.0,0.0,False,,,@CIUDADBANC0
No,@BancoGalicia @ICBCArgentina @BancoCiudad @itauargentina Y que me van a solucionar si yo necesitaba ayer sacar plata? Sabes clmo resolver el problema dejando abiertos los cajeros para los que tenemls tarjeta,2022-11-27 16:18:44,es,,0.0,0.0,@BancoGalicia,Andjusticeforall,"Justice is lost, justice is raped, justice is gone",697.0,1779.0,82.0,7.0,0.0,False,,,@Andjustisforall
No,"@Andjustisforall ğŸ‘‹ Â¡Hola!
Estamos para ayudarte, podemos conversar de los siguientes temas

Â¿CuÃ¡l es tu consulta?Â¿En que te puedo ayudar? Deja tu nÃºmero de contacto y un Asesor/a de nuestra compania estara en comunicaciÃ³n#BancoCiudad.",2022-11-27 12:58:44,es,,0.0,0.0,@Andjustisforall,Banco Ciudad,Escribinos por Mensaje Directo y empeza la conversaciÃ³n con nuestro asistente virtual.pode ablarcon una persona del equipo de la V de 8 a 20 horas.,59.0,0.0,33.0,1.0,0.0,False,,,@bancoCiudaaok
No,Todos los domingos pagando con tarjetas del @BancoCiudad tenÃ©s un 10% en combustibles con tope de $500 por mes acumulable con el 10% de descuento t/ $350 x semana en #infinia e #infiniadiesel. TambiÃ©n 20% pagando con #PersonalPay tope $500 x semana,2022-11-27 12:53:44,es,,0.0,0.0,,Ahorro Twit,AcÃ¡ vas a encontrar las novedades de los descuentos de todos los dÃ­as y recomendaciones para ahorrar al mÃ¡ximo! ahorrotwit@gmail.com,8918.0,83.0,59.0,3067.0,7.0,False,,,@ahorrotwit
No,"@Andjustisforall @ICBCArgentina @BancoCiudad @itauargentina Hola, @Andjustisforall. Para ayudarte con tu consulta te pedimos por favor que nos escribas por WhatsApp (https://t.co/NEESHnCg2t). Estamos todos los dÃ­as las 24 horas. Saludos. Equipo Galicia.",2022-11-27 01:11:19,es,,0.0,0.0,@Andjustisforall,Banco Galicia,"Si necesitÃ¡s ayuda o comunicarte con nosotros, ingresÃ¡ a https://t.co/3Cr1Qh8o1V",76857.0,7278.0,10139.0,149812.0,300.0,True,,,@BancoGalicia
No,"@ICBCArgentina @BancoGalicia @BancoCiudad @itauargentina una vergÃ¼enza! Estan cerrados los cajeros no puedo entrar a sacar plata, solucionen de otra manera el tema indigencia no jorobando a los clientes",2022-11-27 01:09:38,es,,0.0,0.0,@ICBCArgentina,Andjusticeforall,"Justice is lost, justice is raped, justice is gone",697.0,1779.0,82.0,7.0,0.0,False,,,@Andjustisforall
No,"El Banco Ciudad llevarÃ¡ a cabo el Ãºltimo remate del aÃ±o de inmuebles con herencias vacantes, el prÃ³ximo 14 de diciembre. Este, se realizarÃ¡ de manera online, y se subastarÃ¡n 10 propiedades conformadas por nueve departamentos y una cochera.

ğŸ‘‰https://t.co/87BmVd6ocE https://t.co/i0oB1vVnRf",2022-12-06 00:01:37,es,,2.0,0.0,,El Cronista,"EconomÃ­a, finanzas y negocios como nadie te los cuenta.",285718.0,413.0,3938.0,220951.0,2550.0,True,,,@Cronistacom
No,@MARCELOFAVAOK Todo normal banco ciudad dejen de asustar y meter miedo al pedo,2022-12-05 23:07:59,es,,0.0,0.0,@MARCELOFAVAOK,Pabloskull,,963.0,592.0,26.0,4.0,0.0,False,,,@pablinskull
No,iProfesional | Plazo fijo Banco Ciudad: cuÃ¡nta plata ganÃ¡s si hoy invertÃ­s $30.000 a 30 dÃ­as https://t.co/UDCcCj19iH https://t.co/mL8MlNeuRf,2022-12-05 20:48:33,es,,0.0,0.0,,Portal Diario,"Menos follows, mÃ¡s noticias. Todos los diarios en una sola cuenta.",1934037.0,14.0,0.0,3901.0,84.0,False,,,@PortalDiarioAR
No,"@banco ciudad solo quiero usar mi jubilaciÃ³n, tienen los peores en atenciÃ³n al cliente, trabaje 20 aÃ±os en at, clientes y jamas cortamos dejamos sin solucionar, el bco es una recreada porquerÃ­a. El sistema de uds no me deja hace r moviento home bank, hace esto no hay it alli https://t.co/NyNlqKySgZ",2022-12-05 19:18:06,es,,0.0,1.0,@banco,Noe Ovi,,4362.0,42894.0,1309.0,1138.0,0.0,False,,,@ArgTp
No,Plazo fijo Banco Ciudad: cuÃ¡nta plata ganÃ¡s si hoy invertÃ­s $30.000 a 30 dÃ­as https://t.co/Fa0krWajaT,2022-12-05 18:23:02,es,,0.0,0.0,,iProfesional,Noticias y anÃ¡lisis las 24 horas | Fb: https://t.co/Bk9FsXZuDO IG: https://t.co/ovkFE13x1I | Telegram: https://t.co/FO6tKWz3Ju,291107.0,589.0,866.0,83153.0,1113.0,True,,,@iProfesional
No,Plazo fijo Banco Ciudad: cuÃ¡nta plata ganÃ¡s si hoy invertÃ­s $30.000 a 30 dÃ­as https://t.co/XRkS9wyGCI,2022-12-05 18:22:28,es,,0.0,0.0,,GustavoIbÃ¡Ã±ezPadilla,ğŸ‡¦ğŸ‡· Consultor Financiero independiente. Autor del Manual de EconomÃ­a Personal. Conferencista. Desarrollo de Negocios. Networker.,456224.0,199098.0,19680.0,18330.0,40.0,False,,,@GustavoIPadilla
No,@FinanzasArgy Banco ciudad  desde temprano que no anda.,2022-12-05 18:07:53,es,,0.0,0.0,@FinanzasArgy,Angie ğŸŒŸ,,12593.0,26767.0,91.0,339.0,1.0,False,,,@angiemarsi22
No,"â€œEstamos muy avanzados, se estÃ¡ terminando de hacer la compensaciÃ³n, en la permuta y en que el Banco Ciudad haga la cotizaciÃ³n y la valoraciÃ³n comercial de un lado y otro. EstÃ¡ trabajando un Ã¡rea del GCBA en un convenio con la multinacional, despuÃ©s entramos nosotros con los...",2022-12-05 17:21:50,es,,1.0,0.0,,Pablo de la Cruz,"Inspirador de potencialidades - Speaker - Creativo - Coach Organizacional (ICF) - PsicÃ³logo Social - Consultor sistÃ©mico
https://t.co/o3RxzN13cC",9285.0,28220.0,1003.0,2001.0,10.0,False,,,@psabor
No,@JustinasigloXXI @RADIOZONICA Ya no trabaja en el Banco Ciudad?,2022-12-05 16:50:12,es,,0.0,0.0,@JustinasigloXXI,Luis Roque Mora,,172000.0,68953.0,5167.0,5459.0,13.0,False,,,@roquetigre
No,"Y EL BANCO CIUDAD SON ARTISTAS EN HACERSE LOS BOLUDOS,,, EL RESUMEN ES INMANEJABLE,, Y TERMINA COBRANDOTE LO QUE SE LE CANTA,,MI TARJETA CIERRA EL 1 DEL MES YO COBRE EL 25 Y LA FACTURA ENTRARA EL 15 DEL MES,,,O SEA ME CLAVARON 26 DIAS EL DINERO HACIENDOSE LOS TONTOS DIGAMOS UN 8% https://t.co/WUc4eUN3as",2022-12-05 14:38:54,es,,0.0,1.0,,CHAD,"Marino Retirado Sin Sueldo, (Pero con HONOR)",23380.0,1786.0,207.0,315.0,0.0,False,,,@1952chad
No,"@ContactoCitibmx Buenas necesito esta informaciÃ³n: Swift, nombre del banco, direccion del banco, Ciudad, provincia y cÃ³digo postal del banco. Si no es una molestia",2022-12-05 05:54:53,es,,0.0,0.0,@ContactoCitibmx,DaMasterGi,"Hola bienvenidos a mi Twitter hago directos ranciosxd
Strims: https://t.co/SHh8Rgh5Ny
Correo de contacto: MusicDroids160@hotmail.com",345.0,412.0,56.0,31.0,0.0,False,,,@DaMasterGi1
No,"ME CAUSA GRACIA UN EMPLEADO DE LIMPIEZA 61 MIL SABES DESDE LOMAS A LIMPIAR EL BANCO CIUDAD EN FLORESTA ME CAGO EN TODOS CHAMULLEROS HAY Q HACER MIERDA BANDAS Q AUMENTARON 30 X CIENTO TODO ABALADOS NO JODAN ES UN NEGOCIO DE POCOS , CIERRA PERO CUIDADO X Q LOS HACEN MIERDA PRONTO !",2022-12-05 01:33:49,es,,2.0,1.0,,Alberto Pena,,22228.0,33.0,2151.0,1210.0,0.0,False,,,@Alberto42299618
No,"@Katylandiaok Hola buenas tardes,Contactanos por este medio para ayudarte con tu inconveniente dejanos tu numero de telefono para que un ejecutivo de cuenta se comunique con usted Banco Ciudad.",2022-12-04 19:28:53,es,,0.0,0.0,@Katylandiaok,Banco Ciudad,Estamos para ayudarte con tu inconveniente Banco Ciudad.,1037.0,1.0,288.0,12.0,0.0,False,,,@bancociudadt
No,"@Katylandiaok Hola buenas tardes,Contactanos por este medio para ayudarte con tu inconveniente dejanos tu numero de telefono para que un ejecutivo de cuenta se comunique con usted Banco Ciudad.",2022-12-04 19:28:15,es,,0.0,0.0,@Katylandiaok,Banco Ciudad,Estamos para ayudarte con tu inconveniente Banco Ciudad.,1037.0,1.0,288.0,12.0,0.0,False,,,@bancociudadt
No,"@GraceKdeRosario Hola buen dÃ­a, nos estamos comunicando de atenciÃ³n al cliente de Banco Ciudad, por cualquier consulta reclamo dudas dÃ©janos un nÃºmero telefÃ³nico celular y un ejecutivo de cuentas tomara la comunicaciÃ³n con usted al instante para resolver su inconveniente. https://t.co/VnCuPy9Si2",2022-12-04 16:59:51,es,,0.0,0.0,@GraceKdeRosario,Banco Ciudad,Escribinos por Mensaje Directo y empezÃ¡ la conversaciÃ³n con nuestros asistentes virtual. podÃ©s hablar con una persona del equipo.,49.0,0.0,2.0,0.0,0.0,False,,,@aaa89571985
No,"Otro costumbrismo larretista, que se completa con otro detalle: mismos â€˜okupasâ€™ nocturnos de bancos solicitan permanentemente dinero a quienes hacen operaciones en cajeros automÃ¡ticos. Ponen especial foco en jubilados; MO repetido en sucursales del Banco Ciudad.
Â¿PolicÃ­as? Cero. https://t.co/46DWpOLGdy",2022-12-04 14:56:46,es,AR,0.0,0.0,,Matias E. Ruiz,"BA, ARG. Publisher @ElOjoDigital | https://t.co/JHUxzjSZBX | POL/ARG | Hellraiser, #OSINT scavenger. RT â‰  Endorsement",146756.0,46981.0,200.0,3984.0,95.0,False,,,@MatiasERuiz
No,"@GabytaGallina Hola buenos dias, Contactanos por este medio para ayudarte con tu inconveniente dejanos tu numero de telefono para que un Ejecutivo de cuenta se comunique con usted Banco Ciudad.",2022-12-04 14:50:20,es,,0.0,0.0,@GabytaGallina,Banco Ciudad,Estamos para ayudarte con tu inconveniente Banco Ciudad.,1037.0,1.0,288.0,12.0,0.0,False,,,@bancociudadt
No,"@GabytaGallina Hola buenos dias, Contactanos por este medio para ayudarte con tu inconveniente dejanos tu numero de telefono para que un Ejecutivo de cuenta se comunique con usted Banco Ciudad.",2022-12-04 14:49:47,es,,0.0,0.0,@GabytaGallina,Banco Ciudad,Estamos para ayudarte con tu inconveniente Banco Ciudad.,1037.0,1.0,288.0,12.0,0.0,False,,,@bancociudadt
No,"@GraceKdeRosario Hola buenas tardes,Contactanos por este medio para ayudarte con tu inconveniente dejanos tu numero de telefono para que un ejecutivo de cuenta se comunique con usted Banco Ciudad.",2022-12-03 21:31:09,es,,0.0,0.0,@GraceKdeRosario,Banco Ciudad,Estamos para ayudarte con tu inconveniente Banco Ciudad.,1037.0,1.0,288.0,12.0,0.0,False,,,@bancociudadt
No,"@GraceKdeRosario Hola buenas tardes,Contactanos por este medio para ayudarte con tu inconveniente dejanos tu numero de telefono para que un ejecutivo de cuenta se comunique con usted Banco Ciudad.",2022-12-03 21:30:52,es,,0.0,0.0,@GraceKdeRosario,Banco Ciudad,Estamos para ayudarte con tu inconveniente Banco Ciudad.,1037.0,1.0,288.0,12.0,0.0,False,,,@bancociudadt
No,"@charlyfor9 Hola buenas tardes,Contactanos por este medio para ayudarte con tu inconveniente dejanos tu numero de telefono para que un ejecutivo de cuenta se comunique con usted Banco Ciudad.",2022-12-03 19:33:53,es,,0.0,0.0,@charlyfor9,Banco Ciudad,Estamos para ayudarte con tu inconveniente Banco Ciudad.,1037.0,1.0,288.0,12.0,0.0,False,,,@bancociudadt
No,"@charlyfor9 Hola buenas tardes,Contactanos por este medio para ayudarte con tu inconveniente dejanos tu numero de telefono para que un ejecutivo de cuenta se comunique con usted Banco Ciudad.",2022-12-03 19:33:37,es,,0.0,0.0,@charlyfor9,Banco Ciudad,Estamos para ayudarte con tu inconveniente Banco Ciudad.,1037.0,1.0,288.0,12.0,0.0,False,,,@bancociudadt
No,"@susanaramus Hola buenas tardes,Contactanos por este medio para ayudarte con tu inconveniente dejanos tu numero de telefono para que un ejecutivo de cuenta se comunique con usted Banco Ciudad.",2022-12-03 19:33:04,es,,0.0,0.0,@susanaramus,Banco Ciudad,Estamos para ayudarte con tu inconveniente Banco Ciudad.,1037.0,1.0,288.0,12.0,0.0,False,,,@bancociudadt
No,"@susanaramus Hola buenas tardes,Contactanos por este medio para ayudarte con tu inconveniente dejanos tu numero de telefono para que un ejecutivo de cuenta se comunique con usted Banco Ciudad.",2022-12-03 19:32:34,es,,0.0,0.0,@susanaramus,Banco Ciudad,Estamos para ayudarte con tu inconveniente Banco Ciudad.,1037.0,1.0,288.0,12.0,0.0,False,,,@bancociudadt
No,"@fedehfreire Hola buenos dias,Contactanos por este medio para ayudarte con tu inconveniente dejanos tu numero de telefono para que un ejecutivo de cuenta se comunique con usted Banco Ciudad.",2022-12-03 14:59:21,es,,0.0,0.0,@fedehfreire,Banco Ciudad,Estamos para ayudarte con tu inconveniente Banco Ciudad.,1037.0,1.0,288.0,12.0,0.0,False,,,@bancociudadt
No,"@fedehfreire Hola buenos dias,Contactanos por este medio para ayudarte con tu inconveniente dejanos tu numero de telefono para que un ejecutivo de cuenta se comunique con usted Banco Ciudad.",2022-12-03 14:58:53,es,,0.0,0.0,@fedehfreire,Banco Ciudad,Estamos para ayudarte con tu inconveniente Banco Ciudad.,1037.0,1.0,288.0,12.0,0.0,False,,,@bancociudadt
No,@Quiquesanjuan3 A mÃ­ me lo pidiÃ³ el banco ciudad hace mÃ¡s de 15 dÃ­as ğŸ«¢ğŸ¤¯,2022-12-02 23:23:16,es,,0.0,0.0,@Quiquesanjuan3,cintia rebeca zoplas,,549.0,1335.0,275.0,33.0,0.0,False,,,@cintiarebecazop
No,"@Coto_Ar Buenas tardes, maÃ±ana hay algÃºn descuento con banco Ciudad o mercado pago?",2022-12-02 23:15:18,es,,0.0,0.0,@Coto_Ar,Pauleprosa,,3498.0,21848.0,223.0,182.0,1.0,False,,,@crhischimagui7
No,"@FabianGGomez1 Hola Buenas Noches,Contactanos por este medio para ayudarte con tu inconveniente dejanos tu numero de telefono para que un ejecutivo de cuenta se comunique con usted Banco Ciudad.",2022-12-02 23:01:23,es,,0.0,0.0,@FabianGGomez1,Banco Ciudad,Estamos para ayudarte con tu inconveniente Banco Ciudad.,1037.0,1.0,288.0,12.0,0.0,False,,,@bancociudadt
No,"@FabianGGomez1 Hola Buenas tardes,Contactanos por este medio para ayudarte con tu inconveniente dejanos tu numero de telefono para que un ejecutivo de cuenta se comunique con usted Banco Ciudad.",2022-12-02 23:00:00,es,,0.0,0.0,@FabianGGomez1,Banco Ciudad,Estamos para ayudarte con tu inconveniente Banco Ciudad.,1037.0,1.0,288.0,12.0,0.0,False,,,@bancociudadt
No,"@FafaBs Hola buenas tardes,Contactanos por este medio para ayudarte con tu inconveniente dejanos tu numero de telefono para que un ejecutivo de cuenta se comunique con usted Banco Ciudad.",2022-12-02 20:21:32,es,,0.0,0.0,@FafaBs,Banco Ciudad,Estamos para ayudarte con tu inconveniente Banco Ciudad.,1037.0,1.0,288.0,12.0,0.0,False,,,@bancociudadt
No,"@FafaBs Hola buenas tardes,Contactanos por este medio para ayudarte con tu inconveniente dejanos tu numero de telefono para que un ejecutivo de cuenta se comunique con usted Banco Ciudad.",2022-12-02 20:21:15,es,,0.0,0.0,@FafaBs,Banco Ciudad,Estamos para ayudarte con tu inconveniente Banco Ciudad.,1037.0,1.0,288.0,12.0,0.0,False,,,@bancociudadt
No,Que mina chota la que me atendiÃ³ hoy en el banco ciudad,2022-12-02 18:07:39,es,,0.0,0.0,,á´á´€Ê€Éªá´€ á´„á´€á´ÉªÊŸá´€ ğŸ€,22 â™,87239.0,14265.0,992.0,1917.0,4.0,False,,,@mcamilazerda
No,"@natuarevalook Hola buenas tardes,ContÃ¡ctanos por estÃ© medio para ayudarte con tu inconveniente dejanos tÃº nÃºmero de telÃ©fono para que un ejecutivo de cuenta se comunique con usted Banco Ciudad.",2022-12-02 17:35:28,es,,0.0,0.0,@natuarevalook,Banco Ciudad,Estamos para ayudarte con tu inconveniente Banco Ciudad.,1037.0,1.0,288.0,12.0,0.0,False,,,@bancociudadt
No,"@natuarevalook Hola buenas tardes,ContÃ¡ctanos por estÃ© medio para ayudarte con tu inconveniente dejanos tÃº nÃºmero de telÃ©fono para que un ejecutivo de cuenta se comunique con usted Banco Ciudad.",2022-12-02 17:35:00,es,,0.0,0.0,@natuarevalook,Banco Ciudad,Estamos para ayudarte con tu inconveniente Banco Ciudad.,1037.0,1.0,288.0,12.0,0.0,False,,,@bancociudadt
No,"@gabypalok @gcba Sabes, por ejemplo que la hija del chivo Rossi es Directora del Banco Ciudad! Recuerdas que la habÃ­an echado del directorio del Banco NaciÃ³n. Bueno Larrata la puso en el Ciudad. QuiÃ©n te puede hacer el registro?",2022-12-02 16:57:25,es,,0.0,0.0,@gabypalok,Hugh El Templario.,"un hÃ©roe da la vida por otro, quien arrebata la vida de otro es un cagÃ³n hdp como Humberto Tumini. AristÃ³teles Lyon",107769.0,16989.0,1092.0,1491.0,11.0,False,,,@hugolaborati1
No,"@SonisolSs Hola buenos dÃ­as,ContÃ¡ctanos por estÃ© medio para ayudarte con tu inconveniente dejanos tÃº nÃºmero de telÃ©fono para que un ejecutivo de cuenta se comunique con usted Banco Ciudad.",2022-12-02 14:43:22,es,,0.0,0.0,@SonisolSs,Banco Ciudad,Estamos para ayudarte con tu inconveniente Banco Ciudad.,1037.0,1.0,288.0,12.0,0.0,False,,,@bancociudadt
No,Se cancela el prestamo en el banco ciudad ğŸ˜”. Tassa conduccion. https://t.co/7HOJ5R8lqk,2022-12-02 04:51:33,es,,1.0,0.0,,Julian Viader,argentino y timbero,48747.0,115330.0,347.0,829.0,5.0,False,,,@julianviader
No,"Digamos entonces que toda la torta de ""La transformaciÃ³n no para"", del Banco Ciudad y de la Legislatura de CABA (que pagan los porteÃ±os) tampoco sirve para levantar los piquetes de los periodistas.",2022-12-02 03:24:07,es,,16.0,2.0,,Luis L ğŸŒ»,"Generalista, gadfly.
- Â¿CÃ³mo hace para tener el cÃ©sped tan cuidado? 
- Lo cortamos una vez por semana. Desde hace 500 aÃ±os.",52139.0,168611.0,1265.0,6108.0,11.0,False,,,@7saltamontes
No,@bnmac91 Yo pregunte algo a banco ciudad y mr llamaron por whasap 3 veces re trucho,2022-12-02 02:18:50,es,,0.0,0.0,@bnmac91,Don Toro,Don Toro. Nunca no uso jogging. Anti kk. no peronians. tenes candado no t gastes. Carajero profesional. EX TIO CHOPP.  SÃ³lo me queda decirte: Ay amor âš˜ğŸº!,8768.0,27891.0,346.0,346.0,0.0,False,,,@eltoro_fenix
No,@Alejored1982 @LicMacoco Ahora es directora del banco ciudad,2022-12-02 00:29:07,es,,0.0,0.0,@Alejored1982,Fer Fisicaroâ¸™ê ‹ê ‹ê ‹ê ‹ê ‹ê ‹ê ‹ê ‹ê ‹ê ‹ê ‹ê ‹ê ‹ê ‹ê ‹ê ‹,â™¿Kirchnerista = parÃ¡sito estatalâ™¿,190139.0,226903.0,5239.0,4762.0,16.0,False,,,@SAMBAY0N
No,@banco ciudad me podrÃ­an mandar por mail la factura de mi tarjeta ya q no atienden en ninguna parte o me llaman a este nÃºmero porfaaaaaaa,2022-12-01 23:53:18,es,,0.0,0.0,@banco,Lola,,340.0,99.0,164.0,22.0,0.0,False,,,@LolitaFavre
No,@maru2310 @TAFKAbarbie Tienen que ir a una feria del GCBA para ver si les dan algÃºn crÃ©dito blando del Banco Ciudad,2022-12-01 22:19:08,es,,3.0,0.0,@maru2310,Alexis Carrington Colby ğŸª¬,disponible para ser una hermana Kardashian,59462.0,67087.0,539.0,2374.0,5.0,False,,,@ACarringtonC
No,"@ruly70305825 ""A LA CIUDAD DE MÃ‰XICO"" (Telas y SederÃ­a). Hoy en dÃ­a, en ese lugar, estÃ¡ la casa central del Banco Ciudad.",2022-12-01 21:52:53,es,,1.0,0.0,@ruly70305825,Augusto Vespasiano âœ âš”,"CatÃ³lico - 
Combatiente de Malvinas.",10483.0,16447.0,720.0,495.0,2.0,False,,,@Vespasiano59
No,"El letrado solicitÃ³ el embargo de sus cuentas en el Banco Ciudad y ha sido otorgado. Los fondos obtenidos serÃ¡n donados a dos cooperadoras. Una de ellas la de la Escuela Normal Superior N 2 DE 6 ""Mariano Acosta"", ubicada en el barrio porteÃ±o de Balvanera.",2022-12-01 20:30:27,es,AR,14.0,7.0,@ClauFomosa,ğ‘ªğ’ğ’‚ğ’–ğ’…ğ’Šğ’‚ ğ‘­ğ’†ğ’“ğ’“ğ’†ğ’Šğ’“ğ’‚,"Afiliada al Partido Justicialista. FormoseÃ±a y Peronista. UniÃ³n y Solidaridad. Esposa, madre, amiga y compaÃ±era. Trabajando por y para el pueblo â¤ï¸âœŒï¸ğŸ‡¦ğŸ‡·",16627.0,10849.0,3052.0,7114.0,3.0,False,,,@ClauFomosa
No,"@AGIP_BA me inscribi en un plan de facilidades  en 1 pagoâ€¦. No me llega a mi cuenta el cobroâ€¦ puedo pagarlo en el Banco Ciudad?  O como, nadie me contesta ğŸ˜…",2022-12-01 20:14:03,es,,0.0,0.0,@AGIP_BA,Pato ğŸ˜Š,"Soy Feliz , Piscis â™“ Enamorada ğŸ‘«, bebo, no entiendo enigmÃ¡ticos, tampoco los otros, confundo la derecha con la otra derecha ğŸ‘€ğŸ˜",36816.0,89813.0,1369.0,13434.0,10.0,False,,,@patoagui
No,"excelentes tÃ©rminos Sr. Banco Ciudadâ€¦
ğŸ¤¨ https://t.co/frKyY385fB",2022-12-01 19:56:46,es,,0.0,0.0,,bubble butt,"âœ¨ğŸ’• Developer, & fundamentalista del dulce de leche ğŸ¤",884.0,2441.0,309.0,76.0,0.0,False,,,@babyarquitecta
No,"@hagofotos Hola Buenas tardes,ContÃ¡ctanos por estÃ© medio para ayudarte con tu inconveniente DÃ©janos tÃº nÃºmero de telÃ©fono para que un Ejecutivo de cuenta se comunique con usted Banco Ciudad.",2022-12-01 19:23:35,es,,0.0,0.0,@hagofotos,Banco Ciudad,Estamos para ayudarte con tu inconveniente Banco Ciudad.,1037.0,1.0,288.0,12.0,0.0,False,,,@bancociudadt
No,"@hagofotos Hola Buenas tardes,ContÃ¡ctanos por estÃ© medio para ayudarte con tu inconveniente DÃ©janos tÃº nÃºmero de telÃ©fono para que un Ejecutivo de cuenta se comunique con usted Banco Ciudad.",2022-12-01 19:22:50,es,,0.0,0.0,@hagofotos,Banco Ciudad,Estamos para ayudarte con tu inconveniente Banco Ciudad.,1037.0,1.0,288.0,12.0,0.0,False,,,@bancociudadt
No,"@hagofotos Hola Buenas tardes,ContÃ¡ctanos por estÃ© medio para ayudarte con tu inconveniente DÃ©janos tÃº nÃºmero de telÃ©fono para que un Ejecutivo de cuenta se comunique con usted Banco Ciudad.",2022-12-01 19:22:30,es,,0.0,0.0,@hagofotos,Banco Ciudad,Estamos para ayudarte con tu inconveniente Banco Ciudad.,1037.0,1.0,288.0,12.0,0.0,False,,,@bancociudadt
No,"@SoyFelizz Hola Buenas tardes,ContÃ¡ctanos por estÃ© medio para ayudarte con tu inconveniente DÃ©janos tÃº nÃºmero de telÃ©fono para que un Ejecutivo de cuenta se comunique con usted Banco Ciudad.",2022-12-01 17:23:40,es,,0.0,0.0,@SoyFelizz,Banco Ciudad,Estamos para ayudarte con tu inconveniente Banco Ciudad.,1037.0,1.0,288.0,12.0,0.0,False,,,@bancociudadt
No,"@SoyFelizz Hola Buenas tardes,ContÃ¡ctanos por estÃ© medio para ayudarte con tu inconveniente DÃ©janos tÃº nÃºmero de telÃ©fono para que un Ejecutivo de cuenta se comunique con usted Banco Ciudad.",2022-12-01 17:23:08,es,,0.0,0.0,@SoyFelizz,Banco Ciudad,Estamos para ayudarte con tu inconveniente Banco Ciudad.,1037.0,1.0,288.0,12.0,0.0,False,,,@bancociudadt
No,"@AntoBonavitaGoi Hola Buenas tardes,ContÃ¡ctanos por estÃ© medio para ayudarte con tu inconveniente DÃ©janos tÃº nÃºmero de telÃ©fono para que un Ejecutivo de cuenta se comunique con usted Banco Ciudad.",2022-12-01 17:22:27,es,,0.0,0.0,@AntoBonavitaGoi,Banco Ciudad,Estamos para ayudarte con tu inconveniente Banco Ciudad.,1037.0,1.0,288.0,12.0,0.0,False,,,@bancociudadt
No,"@Leito_On Hola Buenos dÃ­as,ContÃ¡ctanos por estÃ© medio para ayudarte con tu inconveniente DÃ©janos tÃº nÃºmero de telÃ©fono para que un Ejecutivo de cuenta se comunique con usted Banco Ciudad.",2022-12-01 13:53:21,es,,0.0,0.0,@Leito_On,Banco Ciudad,Estamos para ayudarte con tu inconveniente Banco Ciudad.,1037.0,1.0,288.0,12.0,0.0,False,,,@bancociudadt
No,â—LÃ­nea preferencial de crÃ©ditos del Banco Ciudad https://t.co/nOHbmnqP90,2022-12-01 13:17:16,es,,8.0,2.0,@CPACF,C.P.A.C.F,Colegio PÃºblico de la AbogacÃ­a de la Capital Federal.,7971.0,11.0,0.0,14271.0,103.0,False,,,@CPACF
No,Jornada de capacitaciÃ³n ejecutiva para mujeres en Banco Ciudad https://t.co/BB78U14z86,2022-12-01 12:24:26,es,,0.0,0.0,,GustavoIbÃ¡Ã±ezPadilla,ğŸ‡¦ğŸ‡· Consultor Financiero independiente. Autor del Manual de EconomÃ­a Personal. Conferencista. Desarrollo de Negocios. Networker.,456224.0,199098.0,19680.0,18330.0,40.0,False,,,@GustavoIPadilla
No,"@_mromano Hola Buenos dÃ­as,ContÃ¡ctanos por estÃ© medio para ayudarte con tu inconveniente DÃ©janos tÃº nÃºmero de telÃ©fono para que un Ejecutivo de cuenta se comunique con usted Banco Ciudad.",2022-12-01 12:01:55,es,,0.0,0.0,@_mromano,Banco Ciudad,Estamos para ayudarte con tu inconveniente Banco Ciudad.,1037.0,1.0,288.0,12.0,0.0,False,,,@bancociudadt
No,"@_mromano Hola Buenos dÃ­as,ContÃ¡ctanos por estÃ© medio para ayudarte con tu inconveniente DÃ©janos tÃº nÃºmero de telÃ©fono para que un Ejecutivo de cuenta se comunique con usted Banco Ciudad.",2022-12-01 12:01:39,es,,0.0,0.0,@_mromano,Banco Ciudad,Estamos para ayudarte con tu inconveniente Banco Ciudad.,1037.0,1.0,288.0,12.0,0.0,False,,,@bancociudadt
No,Banco Ciudad se hace el pijudo con que pongas una clave re difÃ­cil con nÃºmeros y mayÃºsculas y polvo de hadas pero despuÃ©s te usan la tarjeta de dÃ©bito en otra cuenta de mercado libre sin ningÃºn tipo de barrera.,2022-12-01 11:14:05,es,,2.0,0.0,,malena,me encanta mirar lo que quedÃ³ de las demoliciones,10605.0,10224.0,164.0,145.0,1.0,False,,,@maleloma
No,"El letrado solicitÃ³ el embargo de sus cuentas en el Banco Ciudad y ha sido otorgado. Los fondos obtenidos serÃ¡n donados a dos cooperadoras. Una de ellas la de la Escuela Normal Superior N 2 DE 6 ""Mariano Acosta"", ubicada en el barrio porteÃ±o de Balvanera. https://t.co/f8lrljYQGY",2022-12-01 10:46:24,es,,0.0,0.0,@VacantespaTodxs,Vacantes para Todxs,"Familias, docentes, miembros de diversas agrupaciones sociales luchando por la apertura de escuelas que garanticen vacantes para todos/as.",1910.0,773.0,192.0,739.0,0.0,False,,,@VacantespaTodxs
No,Banco Ciudad lanzÃ³ capacitaciÃ³n para mujeres lÃ­deres https://t.co/5qzyDYRs24 https://t.co/jdelSzsF2E,2022-12-01 09:59:10,es,,0.0,0.0,,Expediente Politico,"Somos el sitio web con los mejores chimentos polÃ­ticos, de medios y judiciales. On line desde 2009. @horaciocaride, @nicolaspizzi, y colaboradores.",58818.0,184.0,1356.0,8646.0,95.0,False,,,@ExpedientePol
No,iProfesional | Jornada de capacitaciÃ³n ejecutiva para mujeres en Banco Ciudad https://t.co/T3ovTtl4Cq https://t.co/YMao2fPKos,2022-11-30 21:08:08,es,,0.0,0.0,,Portal Diario,"Menos follows, mÃ¡s noticias. Todos los diarios en una sola cuenta.",1934037.0,14.0,0.0,3901.0,84.0,False,,,@PortalDiarioAR
No,"@morgana_77 En el Banco Ciudad de Cabildo y Quesada directamente pusieron un cartel ""cerrado por reparaciÃ³n de caÃ±os cloacales"", y salÃ­an empleados corriendo. El de seguridad de Arredo en la puerta ""seÃ±ora, corra, ya empieza"". Todos locos.",2022-11-30 20:48:26,es,,20.0,3.0,@morgana_77,Gabi,They'll like us when we win,254344.0,6246.0,3955.0,30109.0,99.0,False,,,@MissLadrillos
No,Jornada de capacitaciÃ³n ejecutiva para mujeres en Banco Ciudad https://t.co/gG6DO5UiX6,2022-11-30 18:59:37,es,,0.0,0.0,,iProfesional,Noticias y anÃ¡lisis las 24 horas | Fb: https://t.co/Bk9FsXZuDO IG: https://t.co/ovkFE13x1I | Telegram: https://t.co/FO6tKWz3Ju,291107.0,589.0,866.0,83153.0,1113.0,True,,,@iProfesional
No,"@leonliberale Hola Buenos  dias,ContÃ¡ctanos por estÃ© medio para ayudarte con tu inconveniente DÃ©janos tÃº nÃºmero de telÃ©fono para que un Ejecutivo de cuenta se comunique con usted Banco Ciudad.",2022-11-30 14:54:29,es,,0.0,0.0,@leonliberale,Banco Ciudad,Estamos para ayudarte con tu inconveniente Banco Ciudad.,1037.0,1.0,288.0,12.0,0.0,False,,,@bancociudadt
No,"@leonliberale Hola Buenos  dias,ContÃ¡ctanos por estÃ© medio para ayudarte con tu inconveniente DÃ©janos tÃº nÃºmero de telÃ©fono para que un Ejecutivo de cuenta se comunique con usted Banco Ciudad.",2022-11-30 14:54:14,es,,0.0,0.0,@leonliberale,Banco Ciudad,Estamos para ayudarte con tu inconveniente Banco Ciudad.,1037.0,1.0,288.0,12.0,0.0,False,,,@bancociudadt
No,"Tenemos turno para castrar a Lucrecia para el miÃ©rcoles  7/12 a las 19 hs 
Si queres colaborar con la castracion: 
Banco Ciudad
ALIAS: INDIGO.BUJIA.COMICO
CBU: 0290036010000574379011
Mercado Pago: Alias: https://t.co/vOAFpJdsyz https://t.co/29cD1kJ44h",2022-11-30 14:23:43,es,,1.0,2.0,,ğŸ‘‘ Merlina AdamssğŸ±,ğŸ‡ºğŸ‡¦ Pocas Pulgas. Fundamentalista.Odio a los K. No necesito tu opiniÃ³n. La paciencia se terminÃ³. Periodista. Experta enğŸ±Tengo un hogar de ğŸ± @Hogargatitosjaz,87044.0,158673.0,3046.0,4188.0,3.0,False,,,@MerlinaAdamss
No,"Tenemos turno para castrar a Lucrecia para el miÃ©rcoles  7/12 a las 19 hs 
Si queres colaborar con la castracion: 
Banco Ciudad
ALIAS: INDIGO.BUJIA.COMICO
CBU: 0290036010000574379011
Mercado Pago: Alias: https://t.co/v7dGvHkSii https://t.co/A4QLvQCmlC",2022-11-30 14:15:43,es,,27.0,53.0,,Hogar Gatitos Jazz,"Somos  21 gatitos rescatados. Alimentamos, buscamos familia a los gatitos q viven en los techos. By @MerlinaAdamss https://t.co/tcLIlwsWF8â€¦",6190.0,8598.0,804.0,869.0,0.0,False,,,@Hogargatitosjaz
No,Jornada de capacitaciÃ³n ejecutiva para mujeres organizada por el Banco Ciudad https://t.co/R8kn9xUEKm https://t.co/c4eXaB1Okm,2022-11-30 12:55:00,es,,2.0,1.0,,Nuevos Papeles ğŸ‡¦ğŸ‡·,"Portal de noticias y contenidos exclusivos de polÃ­tica, economÃ­a e internacionales.",45178.0,29.0,0.0,5995.0,32.0,False,,,@nuevospapeles
No,"para @horaciorlarreta  q no loS VE  ni x  TV ayer la Raul puerta del banco ciudad te sueÃ±a? corrientes al 2500
Isarael 1 1/2 aÃ±o y medio en la misma zona corrientes al 2500 discapacitado no cobro el bono 2da vez q lo tw @FerRaverta, @alferdez, @c5n, @cronica  DIFUNDAN https://t.co/gBxh6wEblC",2022-11-30 12:20:37,es,,0.0,0.0,,pato_madÃ­a,,510.0,172.0,111.0,8.0,0.0,False,,,@MadiaPato
No,"@camisuarezs Hola Buenos  dias,ContÃ¡ctanos por estÃ© medio para ayudarte con tu inconveniente DÃ©janos tÃº nÃºmero de telÃ©fono para que un Ejecutivo de cuenta se comunique con usted Banco Ciudad.",2022-11-30 12:12:11,es,,0.0,0.0,@camisuarezs,Banco Ciudad,Estamos para ayudarte con tu inconveniente Banco Ciudad.,1037.0,1.0,288.0,12.0,0.0,False,,,@bancociudadt
No,"@camisuarezs Hola Buenos  dias,ContÃ¡ctanos por estÃ© medio para ayudarte con tu inconveniente DÃ©janos tÃº nÃºmero de telÃ©fono para que un Ejecutivo de cuenta se comunique con usted Banco Ciudad.",2022-11-30 12:11:44,es,,0.0,0.0,@camisuarezs,Banco Ciudad,Estamos para ayudarte con tu inconveniente Banco Ciudad.,1037.0,1.0,288.0,12.0,0.0,False,,,@bancociudadt
No,@martintetaz Independencia del banco ciudad!!!,2022-11-30 08:32:31,es,,1.0,0.0,@martintetaz,Daniel Mantovani,"Odio tener razon. No bloqueo pero me bloquean por preguntar, asi terminan todos como el diario de yrigoyen.El humor es propio de personas inteligentes",78024.0,250310.0,2292.0,1030.0,18.0,False,,,@juanmanbar
No,@tavos @lmoraalfonsin Resta fijarse lo que hace el Banco Ciudad y el Ministerio de Desarrollo EconÃ³mico para ver cual serÃ­a su polÃ­tica en ese sentido: prÃ¡cticamente nula.,2022-11-30 03:43:25,es,,1.0,0.0,@tavos,Santi Battista,27 aÃ±os - Economista - Ayudante de Desarrollo EconÃ³mico (UBA) - Director de Proyectos Productivos Juveniles en @injuvearg,15272.0,43515.0,1235.0,646.0,1.0,False,,,@santiibattista
No,@horaciorlarreta ? Necesitamos trabajo en blanco crÃ©ditos del Banco Ciudad no alquilar mÃ¡s ! Control en lo que quede de alquileres basta de cemento ! Basta de obra sobre obra ! Basta de cerrar escuelas para chicos sordos ! Basta de todo !,2022-11-30 00:17:23,es,,3.0,2.0,@horaciorlarreta,Pablo Clusellas,"Auditor General de AGCBA. Casado con la artista plÃ¡stica Ana Seggiaro, padre de Santiago, Fermin y Elisa. Hincha de San Lorenzo. Practica Futbol y Golf.",1730.0,455.0,316.0,7130.0,60.0,False,,,@pabloclusellas
No,"@MissLadrillos @horaciorlarreta Lo Ãºnico que funciona bien es el registro civil, el resto es tal cual lo detallas en tu hilo. Multas, rentas , RPI, Y te sumo   Banco Ciudad pago de tasas judiciales, solo por CBU Y con lÃ­mite diario de transferencia.",2022-11-29 23:29:49,es,,4.0,2.0,@MissLadrillos,Aleiustitia,"Anni ,amori e bicchieri di vino, nun se contano mai",7749.0,6260.0,769.0,591.0,4.0,False,,,@ale_iustitia
No,"#RadioLaBancaria

ğŸ™ï¸ Hoy, en nuestro programa #InteresesColectivos por @radiografica893 conversamos con el Dr. Jorge RoldÃ¡n, mÃ©dico laboral del Banco Ciudad y especialista sobre salud ocupacional.

EscuchÃ¡ el programa acÃ¡ ğŸ‘‰ https://t.co/j96EELkcGe https://t.co/F43lHkf3bJ",2022-11-29 22:37:22,es,,10.0,3.0,,AsociaciÃ³n Bancaria,Sindicato de trabajadoras y trabajadores bancarios de la RepÃºblica Argentina.,5044.0,1037.0,1849.0,9104.0,30.0,False,,,@La_Bancaria
No,"@Marsilva_2014 Donde antiguamente estaba Banco Ciudad en PB instalaron un vacunatorio
CrÃ©elo
Un ambiente desagradable para la vista
Pero 18700$ es la matrÃ­cula
Realmente insÃ³lito
Todos con su pedazo de tela en la boca
Parece una guardia de hospital",2022-11-29 20:20:32,es,,3.0,0.0,@Marsilva_2014,A FIFTH OF JACK' S ğŸ‡¦ğŸ‡·ğŸ‡¬ğŸ‡§ğŸ‡±ğŸ‡»,A exista inseamna a suferi.-Geminis.Abogado.Quemero . Menotti . Cruyff. Iniesta.KCrimson. Oasis. Ateo. Pesto italiano. https://t.co/MAdH1wUE5e. Churchill.,174466.0,254460.0,5283.0,6666.0,2.0,False,,,@MANTULEASA
No,"@JokerCarlosDan1 Lo que  o decis que los dolares que tenia en el bolso los mando el tesoro de EE.UU a traves del banco ciudad, pequeÃ±o detalle",2022-11-29 20:09:40,es,,0.0,0.0,@JokerCarlosDan1,Ernesto,estudiante de sociologia universidad nacional de MDP,4795.0,11623.0,404.0,292.0,1.0,False,,,@eduardo_codega
No,"@edel1992 Hola Buenas tardes,ContÃ¡ctanos por estÃ© medio para ayudarte con tu inconveniente DÃ©janos tÃº nÃºmero de telÃ©fono para que un Ejecutivo de cuenta se comunique con usted Banco Ciudad.",2022-11-29 19:58:49,es,,0.0,0.0,@edel1992,Banco Ciudad,Estamos para ayudarte con tu inconveniente Banco Ciudad.,1037.0,1.0,288.0,12.0,0.0,False,,,@bancociudadt
No,"@edel1992 Hola Buenas tardes,ContÃ¡ctanos por estÃ© medio para ayudarte con tu inconveniente DÃ©janos tÃº nÃºmero de telÃ©fono para que un Ejecutivo de cuenta se comunique con usted Banco Ciudad.",2022-11-29 19:58:32,es,,0.0,0.0,@edel1992,Banco Ciudad,Estamos para ayudarte con tu inconveniente Banco Ciudad.,1037.0,1.0,288.0,12.0,0.0,False,,,@bancociudadt
No,@MARCELOFAVAOK Hace 15 dias fui al Banco Ciudad de Moron y el de seguridad me lo pidio. Locura,2022-11-29 17:06:28,es,,0.0,0.0,@MARCELOFAVAOK,Daniel LB,,16471.0,20984.0,2248.0,358.0,5.0,False,,,@lopezbogado
No,"@Lucassalta Hola Buenas tardes,ContÃ¡ctanos por estÃ© medio para ayudarte con tu inconveniente DÃ©janos tÃº nÃºmero de telÃ©fono para que un Ejecutivo de cuenta se comunique con usted Banco Ciudad.",2022-11-29 16:28:49,es,,0.0,0.0,@Lucassalta,Banco Ciudad,Estamos para ayudarte con tu inconveniente Banco Ciudad.,1037.0,1.0,288.0,12.0,0.0,False,,,@bancociudadt
No,"@cuervomarello1 Hola Buenas tardes,ContÃ¡ctanos por estÃ© medio para ayudarte con tu inconveniente DÃ©janos tÃº nÃºmero de telÃ©fono para que un Ejecutivo de cuenta se comunique con usted Banco Ciudad.",2022-11-29 16:28:36,es,,0.0,0.0,@cuervomarello1,Banco Ciudad,Estamos para ayudarte con tu inconveniente Banco Ciudad.,1037.0,1.0,288.0,12.0,0.0,False,,,@bancociudadt
No,"@cuervomarello1 Hola Buenas tardes,ContÃ¡ctanos por estÃ© medio para ayudarte con tu inconveniente DÃ©janos tÃº nÃºmero de telÃ©fono para que un Ejecutivo de cuenta se comunique con usted Banco Ciudad.",2022-11-29 16:27:53,es,,0.0,0.0,@cuervomarello1,Banco Ciudad,Estamos para ayudarte con tu inconveniente Banco Ciudad.,1037.0,1.0,288.0,12.0,0.0,False,,,@bancociudadt
No,"@MamuGringa Mi primer IocaI estaba a 30 metros por Sarmiento, al lado del Banco Ciudad, frente a CIark's y todas las chicas de Ia Franco-lngIesa almorzaban ahÃ­ y en PauIÃ­n.",2022-11-29 15:52:34,es,AR,1.0,0.0,@MamuGringa,Jorge Ferrari Â®,Dirijo Restaurantes desde 1990. MBA en ComunicaciÃ³n NYU. Tweets y ğŸ“· de Bs As. Turismo. Comer. Beber. No uso traje ni gomina. Coleccionista de Jack Daniel's ğŸ¥ƒ,144655.0,168916.0,840.0,15499.0,235.0,True,,,@ferraribsas
No,"El remate se realiza de manera electrÃ³nica a travÃ©s de la pÃ¡gina del Banco Ciudad

https://t.co/YlT0Fs89vO",2022-11-29 15:50:00,es,,0.0,0.0,,Diario El EsquiÃº,"Cuenta de Twitter oficial del diario El EsquiÃº.        
TambiÃ©n estamos en:
Facebook! https://t.co/Sp7rLqeuVt
Instagram! https://t.co/kW6SZH10Rg",106119.0,746.0,2392.0,15356.0,116.0,True,,,@ElEsquiu
No,"@gaby_zion Hola Buenos dias, ContÃ¡ctanos por estÃ© medio para ayudarte con tu inconveniente DÃ©janos tÃº nÃºmero de telÃ©fono para que un Ejecutivo de cuenta se comunique con usted Banco Ciudad.",2022-11-29 13:49:02,es,,0.0,0.0,@gaby_zion,Banco Ciudad,Estamos para ayudarte con tu inconveniente Banco Ciudad.,1037.0,1.0,288.0,12.0,0.0,False,,,@bancociudadt
No,"@gaby_zion Hola Buenos dias, ContÃ¡ctanos por estÃ© medio para ayudarte con tu inconveniente DÃ©janos tÃº nÃºmero de telÃ©fono para que un Ejecutivo de cuenta se comunique con usted Banco Ciudad.",2022-11-29 13:48:45,es,,0.0,0.0,@gaby_zion,Banco Ciudad,Estamos para ayudarte con tu inconveniente Banco Ciudad.,1037.0,1.0,288.0,12.0,0.0,False,,,@bancociudadt
No,"@martabeatrizn11 Hola Buenos dias, ContÃ¡ctanos por estÃ© medio para ayudarte con tu inconveniente DÃ©janos tÃº nÃºmero de telÃ©fono para que un Ejecutivo de cuenta se comunique con usted Banco Ciudad.",2022-11-29 13:47:35,es,,0.0,0.0,@martabeatrizn11,Banco Ciudad,Estamos para ayudarte con tu inconveniente Banco Ciudad.,1037.0,1.0,288.0,12.0,0.0,False,,,@bancociudadt
No,"@martabeatrizn11 Hola Buenos dias, ContÃ¡ctanos por estÃ© medio para ayudarte con tu inconveniente DÃ©janos tÃº nÃºmero de telÃ©fono para que un Ejecutivo de cuenta se comunique con usted Banco Ciudad.",2022-11-29 13:47:20,es,,0.0,0.0,@martabeatrizn11,Banco Ciudad,Estamos para ayudarte con tu inconveniente Banco Ciudad.,1037.0,1.0,288.0,12.0,0.0,False,,,@bancociudadt
No,"SUBASTAS - ADUANA DE CÃ“RDOBA: Disp. ADCORD NÂº 782/2022
BO 29/11/2022: Se aprueba la venta de los Lotes Vendidos del catÃ¡logo del dÃ­a 10-11-22, comercializados en pÃºblica subasta bajo la modalidad electrÃ³nica, a travÃ©s de la pÃ¡gina web del Banco Ciudad. https://t.co/EE7DMesUMQ",2022-11-29 12:10:21,es,,0.0,0.0,@TarifarComEx,Tarifar,LÃ­der en informaciÃ³n para el Comercio Exterior. AsesorÃ­a TÃ©cnica. Novedades diarias. CapacitaciÃ³n presencial y a distancia,11079.0,226.0,154.0,2506.0,20.0,False,,,@TarifarComEx
No,"Â¡HOY! ConseguÃ­ tu nuevo reloj con el beneficio de Banco Ciudad ğŸ’³ 20% OFF + 3 cuotas sin interÃ©s. 
ğŸ‘‰En todos nuestros locales y online https://t.co/kXJwCu4RVf
*No acumulable. Ver legales y marcas excluyentes en la web. https://t.co/CPWwHl28Vm",2022-11-29 12:02:09,es,,0.0,0.0,,Style Store,"Somos el primer Trend Concept Store Online de la Argentina, un sitio donde encontrarÃ¡s las mejores marcas internacionales.",4421.0,314.0,65.0,2095.0,5.0,False,,,@StyleStoreAr
No,@Pame35_abelera @DIEGO09855271 Localidad ?.. banco ciudad lingoticos de 5 25 50 100 gramos numerados  y en blÃ­ster  casa de joyas  ojo ML fÃ­jate la cantidad de estrellas ..  busca info  en web. Los blister tienen cÃ³digo QR. Que podes saber la inscripciÃ³n etc,2022-11-29 11:07:13,es,,1.0,0.0,@Pame35_abelera,UlisesğŸ‡¦ğŸ‡·,"#OPPT Nos Es. Soy Hombre ViVO,Eterna Esencia. NeumÃ¡tico. todos mis comentarios  y Publicaciones amparados  bajo el CÃ³digo UCC 1-308  sin perjucio y en Honor",7576.0,14465.0,4831.0,2433.0,0.0,False,,,@Uulises_
No,@iliarist @carolina_moine Hace poco sacaron los carteles del Banco Ciudad con el pedido del pase.,2022-11-28 22:45:56,es,,1.0,0.0,@iliarist,Jose Guzman,"Pro vida
Catolico
Anti  NOM
Sionismo  y masoneria 2 caras de la misma moneda.
""Con la oraciÃ³n y el ayuno hasta se pueden suspender las leyes naturales""",16445.0,9646.0,69.0,211.0,2.0,False,,,@Jlici24
No,"@elchocomarquez Hola Buenas tardes,ContÃ¡ctanos por estÃ© medio para ayudarte con tu inconveniente DÃ©janos tÃº nÃºmero de telÃ©fono para que un Ejecutivo de cuenta se comunique con usted Banco Ciudad.",2022-11-28 21:02:23,es,,0.0,0.0,@elchocomarquez,Banco Ciudad,Estamos para ayudarte con tu inconveniente Banco Ciudad.,1037.0,1.0,288.0,12.0,0.0,False,,,@bancociudadt
No,"@elchocomarquez Hola Buenas tardes,ContÃ¡ctanos por estÃ© medio para ayudarte con tu inconveniente DÃ©janos tÃº nÃºmero de telÃ©fono para que un Ejecutivo de cuenta se comunique con usted Banco Ciudad.",2022-11-28 21:02:06,es,,0.0,0.0,@elchocomarquez,Banco Ciudad,Estamos para ayudarte con tu inconveniente Banco Ciudad.,1037.0,1.0,288.0,12.0,0.0,False,,,@bancociudadt
No,"@Rosau2022 Hola Buenas tardes,ContÃ¡ctanos por estÃ© medio para ayudarte con tu inconveniente DÃ©janos tÃº nÃºmero de telÃ©fono para que un Ejecutivo de cuenta se comunique con usted Banco Ciudad.",2022-11-28 16:51:00,es,,0.0,0.0,@Rosau2022,Banco Ciudad,Estamos para ayudarte con tu inconveniente Banco Ciudad.,1037.0,1.0,288.0,12.0,0.0,False,,,@bancociudadt
No,"@Rosau2022 Hola Buenas tardes,ContÃ¡ctanos por estÃ© medio para ayudarte con tu inconveniente DÃ©janos tÃº nÃºmero de telÃ©fono para que un Ejecutivo de cuenta se comunique con usted Banco Ciudad.",2022-11-28 16:50:19,es,,0.0,0.0,@Rosau2022,Banco Ciudad,Estamos para ayudarte con tu inconveniente Banco Ciudad.,1037.0,1.0,288.0,12.0,0.0,False,,,@bancociudadt
No,"@Juanjorimoldi Hola Buenas tardes,ContÃ¡ctanos por estÃ© medio para ayudarte con tu inconveniente DÃ©janos tÃº nÃºmero de telÃ©fono para que un Ejecutivo de cuenta se comunique con usted Banco Ciudad.",2022-11-28 16:49:51,es,,0.0,0.0,@Juanjorimoldi,Banco Ciudad,Estamos para ayudarte con tu inconveniente Banco Ciudad.,1037.0,1.0,288.0,12.0,0.0,False,,,@bancociudadt
No,"@BancoNeuquen buen dÃ­a. Cliente Esteban Rivas recibiÃ³ transferencia de banco Ciudad por error. Favor notificarlo y que devuelva. Alias similar a fliar. Favor solicitar devoluciÃ³n. Es de buena fe hacerlo
Gracias . MarÃ­a https://t.co/IahlCSWHg7",2022-11-28 15:04:10,es,,0.0,0.0,@BancoNeuquen,maria leva,,254.0,7.0,37.0,20.0,0.0,False,,,@marianleva
No,QuÃ© pasa con la pÃ¡gina del Banco Ciudad????,2022-11-28 14:13:25,es,,0.0,0.0,,ale desil,,2745.0,5635.0,56.0,21.0,1.0,False,,,@supadeil
No,"@gizelronco Hola Buenos dÃ­as,ContÃ¡ctanos por estÃ© medio para ayudarte con tu inconveniente DÃ©janos tÃº nÃºmero de telÃ©fono para que un Ejecutivo de cuenta se comunique con usted Banco Ciudad.",2022-11-28 13:57:35,es,,0.0,0.0,@gizelronco,Banco Ciudad,Estamos para ayudarte con tu inconveniente Banco Ciudad.,1037.0,1.0,288.0,12.0,0.0,False,,,@bancociudadt
No,"@gizelronco Hola Buenos dÃ­as,ContÃ¡ctanos por estÃ© medio para ayudarte con tu inconveniente DÃ©janos tÃº nÃºmero de telÃ©fono para que un Ejecutivo de cuenta se comunique con usted Banco Ciudad.",2022-11-28 13:57:03,es,,0.0,0.0,@gizelronco,Banco Ciudad,Estamos para ayudarte con tu inconveniente Banco Ciudad.,1037.0,1.0,288.0,12.0,0.0,False,,,@bancociudadt
No,"@esloquehay2000 Hola Buenos dÃ­as,ContÃ¡ctanos por estÃ© medio para ayudarte con tu inconveniente DÃ©janos tÃº nÃºmero de telÃ©fono para que un Ejecutivo de cuenta se comunique con usted Banco Ciudad.",2022-11-28 13:56:28,es,,0.0,0.0,@esloquehay2000,Banco Ciudad,Estamos para ayudarte con tu inconveniente Banco Ciudad.,1037.0,1.0,288.0,12.0,0.0,False,,,@bancociudadt
No,"@esloquehay2000 Hola Buenos dÃ­as,ContÃ¡ctanos por estÃ© medio para ayudarte con tu inconveniente DÃ©janos tÃº nÃºmero de telÃ©fono para que un Ejecutivo de cuenta se comunique con usted Banco Ciudad.",2022-11-28 13:56:07,es,,0.0,0.0,@esloquehay2000,Banco Ciudad,Estamos para ayudarte con tu inconveniente Banco Ciudad.,1037.0,1.0,288.0,12.0,0.0,False,,,@bancociudadt
No,"@munineuquen buen dÃ­a. Al sr Esteban Ezequiel Rivas, empleado de ese municipio 0503/19, favor informar que recibiÃ³ transferencia por error de banco Ciudad. Se espera devoluciÃ³n como corresponde a persona de bien. Informese en banco de NeuquÃ©n, reclamo del ciudad.
Espero respuesta https://t.co/IP6UdoKEr4",2022-11-28 12:54:41,es,,0.0,0.0,@munineuquen,maria leva,,254.0,7.0,37.0,20.0,0.0,False,,,@marianleva
No,"@SabriResiliente Nuestro primer dpto fue en ese complejo del Banco Ciudad, inclan 2900 hacÃ­a poco nos habÃ­amos casado y venÃ­a de alquilar, felicitaciones!!!",2022-11-28 11:40:10,es,,3.0,0.0,@SabriResiliente,ana galland,"#Soydel41%ğŸ‡³ğŸ‡®ğŸ‡³ğŸ‡®ğŸ‡³ğŸ‡®ğŸ‡³ğŸ‡®geminiana de ley, habitante de la â€œopulentaâ€ CABA",16122.0,20386.0,1368.0,1015.0,0.0,False,,,@anagalland
No,"@JECoki De 3.500 son las de arriba de todo que no se ve nada y menos ven los niÃ±os. Me pareciÃ³ carÃ­simo, por mÃ¡s internacional que sea, y sobre todo la distinciÃ³n de â€œcuotas con Banco Ciudadâ€. Sacamos el de Flavio Mendoza la mejor ubicaciÃ³n por menos de lo que salÃ­a 1 entrada en el Colon",2022-11-28 02:07:36,es,,0.0,0.0,@JECoki,carlav,"MamÃ¡ de Timo. Compa de Lis. Judicial. Periodista. De Ferro. â€œNo tengo religiÃ³n, tengo ansiedadâ€",33101.0,2999.0,1107.0,682.0,6.0,False,,,@VcmqueMaria
No,"@oscaratienza Â¿La heladera, la cafetera de cÃ¡psulas, estÃ¡n en el hospital? 
El hospital es Nacional, la tarjeta corporativa es del Banco Ciudad y lo embargaron por $1.5 millones, el 25% de lo que cobra de pensiÃ³n graciable la #LadronaDeLaNaciÃ³nArgentina que vos votaste.
El juez https://t.co/14FbcW8zOO",2022-11-27 19:28:07,es,,0.0,0.0,@oscaratienza,MAleGP,ğŸ‡¦ğŸ‡· ğŸ‡ºğŸ‡¦,231167.0,227701.0,957.0,1847.0,7.0,False,,,@MALEGP
No,"@rossi_delfina Si, la cÃ¡bala para que siendo maestra jardinera dirijas el Banco Ciudad. ğŸ¤¦",2022-11-27 14:51:21,es,,4.0,0.0,@rossi_delfina,Sergio Antin,Arquitecto y vendedor de AVON.,7928.0,2438.0,167.0,59.0,0.0,False,,,@Sergio__Antin
No,"@DrCKambourian @alefinocchiaro @cristianritondo Se determinÃ³ que entre el mes de mayo del aÃ±o 2018 y enero de 2020, Kambourian y Norton utilizaron distintas tarjetas corporativas VISA Â­emitidas por el Banco Ciudad de Buenos Aires a favor del hospital con las que realizaron compras y gastos en beneficio propio",2022-11-27 13:46:00,es,,0.0,0.0,@DrCKambourian,Ramon Zambrano,,22.0,23.0,0.0,0.0,0.0,False,,,@RamonZa74604355
No,"@Andjustisforall Hola Buenos dÃ­as, ContÃ¡ctanos por estÃ© medio para ayudarte con tu inconveniente DÃ©janos tÃº nÃºmero de telÃ©fono para que un Ejecutivo de cuenta se comunique con usted Banco Ciudad.",2022-11-27 12:11:14,es,,0.0,0.0,@Andjustisforall,Banco Ciudad,Estamos para ayudarte con tu inconveniente Banco Ciudad.,1037.0,1.0,288.0,12.0,0.0,False,,,@bancociudadt
No,"@Andjustisforall Hola Buenos dÃ­as, ContÃ¡ctanos por estÃ© medio para ayudarte con tu inconveniente DÃ©janos tÃº nÃºmero de telÃ©fono para que un Ejecutivo de cuenta se comunique con usted Banco Ciudad.",2022-11-27 12:10:54,es,,0.0,0.0,@Andjustisforall,Banco Ciudad,Estamos para ayudarte con tu inconveniente Banco Ciudad.,1037.0,1.0,288.0,12.0,0.0,False,,,@bancociudadt
No,"Me fijÃ© para llevar a Timoteo al Teatro ColÃ³n a ver un espectÃ¡culo de Disney. Las entradas son carÃ­simas. El Banco Ciudad (solo el Ciudad) ofrece cuotas en la pre venta. Me dio tanta bronca que no saquÃ©. Es elitista, no hay caso, es sÃºper elitista. Aguante el Teatro San MartÃ­n.",2022-11-27 11:03:12,es,,2.0,0.0,,carlav,"MamÃ¡ de Timo. Compa de Lis. Judicial. Periodista. De Ferro. â€œNo tengo religiÃ³n, tengo ansiedadâ€",33101.0,2999.0,1107.0,682.0,6.0,False,,,@VcmqueMaria
No,"Solo wassap 11 5998-2119. y me avisan cuando compren 1127142493. No nos dejen solos. Estos 3 meses q vienen es complicado, muchos se van afuera y los animales tienen que comer todos los dias.BANCO CIUDAD
alias: eros2006
MERCADO PAGO
alias: https://t.co/uwsu9HzdG8",2022-11-27 02:40:25,es,,2.0,3.0,@AdopcionesEn,ADOPCIONES EN CABA,"AYUDANOS A AYUDARLOS ELLOS TE NECESITAN. COMIDA, MEDICACION, TRANSITOS, ADOPCIONES. COMUNICATE CON NOSOTROS, SOMOS POCOS Y MUCHO ABANDONO Y MALTRATO. 1127142493",1531.0,84.0,182.0,168.0,1.0,False,,,@AdopcionesEn
No,"1127142493. No nos dejen solos. Estos 3 meses q vienen es complicado, muchos se van afuera y los animales tienen q comer todos los dias. ğŸ™ğŸ»ğŸ™ğŸ»ğŸ™ğŸ»
BANCO CIUDAD
alias: eros2006
MERCADO PAGO
alias: https://t.co/uwsu9HyFQA
PAYPAL: monicavarde@gmail.com #adoptanocompres #adopta",2022-11-27 01:17:54,es,,2.0,5.0,@AdopcionesEn,ADOPCIONES EN CABA,"AYUDANOS A AYUDARLOS ELLOS TE NECESITAN. COMIDA, MEDICACION, TRANSITOS, ADOPCIONES. COMUNICATE CON NOSOTROS, SOMOS POCOS Y MUCHO ABANDONO Y MALTRATO. 1127142493",1531.0,84.0,182.0,168.0,1.0,False,,,@AdopcionesEn
